dataset,nodes,edges,stage,category,in_wall_clock,n_runs,median_ms,mean_ms,min_ms,max_ms,stddev_ms
banking_1M,1000000,5000000,CSV read (account),IO,1,3,348.020,348.107,345.860,350.440,2.291
banking_1M,1000000,5000000,CSV read (txn),IO,1,3,3997.150,3995.977,3991.070,3999.710,4.438
banking_1M,1000000,5000000,buildNodeIndex,OFFLINE,1,3,911.730,911.813,897.520,926.190,14.335
banking_1M,1000000,5000000,index copy (src),OFFLINE,1,3,145.570,145.567,145.110,146.020,0.455
banking_1M,1000000,5000000,initProbeSide (dst),OFFLINE,0,3,132.390,131.097,127.270,133.630,3.371
banking_1M,1000000,5000000,initProbeSide (src),OFFLINE,0,3,153.530,153.237,151.840,154.340,1.276
banking_1M,1000000,5000000,initProbeSide (wall),OFFLINE,1,3,154.230,153.980,152.600,155.110,1.274
banking_1M,1000000,5000000,deduplicateRows (src),ONLINE,0,3,5.860,6.507,5.860,7.800,1.120
banking_1M,1000000,5000000,deduplicateRows (dst),ONLINE,0,3,5.810,5.993,5.340,6.830,0.762
banking_1M,1000000,5000000,probe src,ONLINE,0,3,225.140,224.880,224.350,225.150,0.459
banking_1M,1000000,5000000,probe dst,ONLINE,0,3,230.560,228.037,221.750,231.800,5.480
banking_1M,1000000,5000000,reduplicateRows (src),ONLINE,0,3,12.410,12.007,11.150,12.460,0.742
banking_1M,1000000,5000000,reduplicateRows (dst),ONLINE,0,3,12.560,12.397,11.490,13.140,0.837
banking_1M,1000000,5000000,unionWith (src),ONLINE,0,3,8.050,7.817,6.630,8.770,1.089
banking_1M,1000000,5000000,src branch (total),ONLINE,0,3,251.540,251.233,249.950,252.210,1.161
banking_1M,1000000,5000000,unionWith (dst),ONLINE,0,3,4.840,5.023,4.760,5.470,0.389
banking_1M,1000000,5000000,parallel_sort (dst),ONLINE,0,3,128.380,122.900,110.160,130.160,11.069
banking_1M,1000000,5000000,dst branch (total),ONLINE,0,3,374.130,374.397,363.900,385.160,10.633
banking_1M,1000000,5000000,parallel branches (wall),ONLINE,1,3,389.240,390.187,379.610,401.710,11.080
banking_1M,1000000,5000000,unionWith (final),ONLINE,1,3,6.590,6.750,4.750,8.910,2.085
banking_1M,1000000,5000000,CSV write,IO,1,3,2252.180,2254.057,2250.800,2259.190,4.499
hi_small,515088,5078345,CSV read (account),IO,1,3,155.620,155.300,151.440,158.840,3.710
hi_small,515088,5078345,CSV read (txn),IO,1,3,4283.610,4291.873,4279.400,4312.610,18.081
hi_small,515088,5078345,buildNodeIndex,OFFLINE,1,3,476.230,474.707,470.410,477.480,3.773
hi_small,515088,5078345,index copy (src),OFFLINE,1,3,84.800,85.127,83.840,86.740,1.477
hi_small,515088,5078345,initProbeSide (dst),OFFLINE,0,3,163.300,161.380,155.130,165.710,5.545
hi_small,515088,5078345,initProbeSide (src),OFFLINE,0,3,173.390,173.890,172.560,175.720,1.638
hi_small,515088,5078345,initProbeSide (wall),OFFLINE,1,3,174.090,174.573,173.290,176.340,1.581
hi_small,515088,5078345,deduplicateRows (src),ONLINE,0,3,6.070,6.303,5.700,7.140,0.748
hi_small,515088,5078345,deduplicateRows (dst),ONLINE,0,3,5.660,5.640,4.990,6.270,0.640
hi_small,515088,5078345,probe src,ONLINE,0,3,175.380,174.913,170.920,178.440,3.782
hi_small,515088,5078345,probe dst,ONLINE,0,3,173.890,174.540,171.010,178.720,3.896
hi_small,515088,5078345,reduplicateRows (src),ONLINE,0,3,12.460,11.777,10.180,12.690,1.388
hi_small,515088,5078345,reduplicateRows (dst),ONLINE,0,3,11.880,12.123,11.290,13.200,0.978
hi_small,515088,5078345,unionWith (src),ONLINE,0,3,7.100,7.123,6.950,7.320,0.186
hi_small,515088,5078345,src branch (total),ONLINE,0,3,199.680,200.137,196.420,204.310,3.965
hi_small,515088,5078345,unionWith (dst),ONLINE,0,3,6.390,5.817,4.350,6.710,1.280
hi_small,515088,5078345,parallel_sort (dst),ONLINE,0,3,126.030,127.323,124.090,131.850,4.038
hi_small,515088,5078345,dst branch (total),ONLINE,0,3,325.420,325.493,322.580,328.480,2.951
hi_small,515088,5078345,parallel branches (wall),ONLINE,1,3,338.940,340.270,337.580,344.290,3.547
hi_small,515088,5078345,unionWith (final),ONLINE,1,3,5.210,5.450,4.270,6.870,1.317
hi_small,515088,5078345,CSV write,IO,1,3,2467.600,2470.760,2466.220,2478.460,6.704
snb_sf30,165430,12035314,CSV read (account),IO,1,3,67.450,68.117,66.400,70.500,2.130
snb_sf30,165430,12035314,CSV read (txn),IO,1,3,8883.980,8896.743,8848.910,8957.340,55.330
snb_sf30,165430,12035314,buildNodeIndex,OFFLINE,1,3,233.820,236.423,233.250,242.200,5.011
snb_sf30,165430,12035314,index copy (src),OFFLINE,1,3,37.660,38.833,36.670,42.170,2.932
snb_sf30,165430,12035314,initProbeSide (dst),OFFLINE,0,3,371.520,384.410,367.150,414.560,26.202
snb_sf30,165430,12035314,initProbeSide (src),OFFLINE,0,3,388.370,396.410,376.410,424.450,25.009
snb_sf30,165430,12035314,initProbeSide (wall),OFFLINE,1,3,389.000,397.083,377.110,425.140,25.015
snb_sf30,165430,12035314,deduplicateRows (src),ONLINE,0,3,10.670,10.867,10.060,11.870,0.921
snb_sf30,165430,12035314,deduplicateRows (dst),ONLINE,0,3,12.220,12.230,11.990,12.480,0.245
snb_sf30,165430,12035314,probe src,ONLINE,0,3,411.500,421.633,408.290,445.110,20.395
snb_sf30,165430,12035314,reduplicateRows (src),ONLINE,0,3,22.950,22.947,22.370,23.520,0.575
snb_sf30,165430,12035314,unionWith (src),ONLINE,0,3,16.020,15.713,14.740,16.380,0.862
snb_sf30,165430,12035314,src branch (total),ONLINE,0,3,459.890,471.183,456.760,496.900,22.326
snb_sf30,165430,12035314,probe dst,ONLINE,0,3,452.440,452.043,441.530,462.160,10.321
snb_sf30,165430,12035314,reduplicateRows (dst),ONLINE,0,3,20.730,19.667,16.180,22.090,3.095
snb_sf30,165430,12035314,unionWith (dst),ONLINE,0,3,9.230,10.470,9.030,13.150,2.323
snb_sf30,165430,12035314,parallel_sort (dst),ONLINE,0,3,282.780,278.443,267.500,285.050,9.545
snb_sf30,165430,12035314,dst branch (total),ONLINE,0,3,772.760,772.923,767.640,778.370,5.367
snb_sf30,165430,12035314,parallel branches (wall),ONLINE,1,3,817.460,813.040,802.070,819.590,9.560
snb_sf30,165430,12035314,unionWith (final),ONLINE,1,3,16.070,17.387,15.470,20.620,2.816
snb_sf30,165430,12035314,CSV write,IO,1,3,5646.840,5650.993,5642.080,5664.060,11.564
patents,3774768,16518948,CSV read (account),IO,1,3,1376.440,1376.177,1372.090,1380.000,3.962
patents,3774768,16518948,CSV read (txn),IO,1,3,13394.260,13392.520,13311.670,13471.630,79.994
patents,3774768,16518948,buildNodeIndex,OFFLINE,1,3,4367.510,4372.383,4242.850,4506.790,132.037
patents,3774768,16518948,index copy (src),OFFLINE,1,3,523.720,524.250,515.350,533.680,9.176
patents,3774768,16518948,initProbeSide (dst),OFFLINE,0,3,548.280,543.250,529.280,552.190,12.255
patents,3774768,16518948,initProbeSide (src),OFFLINE,0,3,552.720,551.990,540.620,562.630,11.023
patents,3774768,16518948,initProbeSide (wall),OFFLINE,1,3,553.500,552.733,541.300,563.400,11.070
patents,3774768,16518948,deduplicateRows (src),ONLINE,0,3,14.880,14.773,13.790,15.650,0.935
patents,3774768,16518948,deduplicateRows (dst),ONLINE,0,3,15.610,15.910,15.570,16.550,0.555
patents,3774768,16518948,probe dst,ONLINE,0,3,1501.600,1493.250,1466.260,1511.890,23.934
patents,3774768,16518948,probe src,ONLINE,0,3,1507.720,1498.323,1467.270,1519.980,27.583
patents,3774768,16518948,reduplicateRows (dst),ONLINE,0,3,32.470,33.877,32.240,36.920,2.638
patents,3774768,16518948,reduplicateRows (src),ONLINE,0,3,35.190,36.353,34.070,39.800,3.037
patents,3774768,16518948,unionWith (dst),ONLINE,0,3,18.380,16.990,13.230,19.360,3.293
patents,3774768,16518948,unionWith (src),ONLINE,0,3,24.150,24.173,21.990,26.380,2.195
patents,3774768,16518948,src branch (total),ONLINE,0,3,1584.960,1573.653,1545.060,1590.940,24.942
patents,3774768,16518948,parallel_sort (dst),ONLINE,0,3,407.620,412.210,404.430,424.580,10.831
patents,3774768,16518948,dst branch (total),ONLINE,0,3,1976.450,1972.307,1957.590,1982.880,13.144
patents,3774768,16518948,parallel branches (wall),ONLINE,1,3,2020.360,2011.370,1993.050,2020.700,15.866
patents,3774768,16518948,unionWith (final),ONLINE,1,3,22.040,20.007,13.790,24.190,5.490
patents,3774768,16518948,CSV write,IO,1,3,6998.740,7007.477,6993.090,7030.600,20.224
hi_medium,2077023,31898238,CSV read (account),IO,1,3,624.670,624.767,621.670,627.960,3.146
hi_medium,2077023,31898238,CSV read (txn),IO,1,3,27720.760,27716.080,27618.730,27808.750,95.096
hi_medium,2077023,31898238,buildNodeIndex,OFFLINE,1,3,2245.810,2260.773,2200.670,2335.840,68.816
hi_medium,2077023,31898238,index copy (src),OFFLINE,1,3,285.360,285.757,281.520,290.390,4.448
hi_medium,2077023,31898238,initProbeSide (dst),OFFLINE,0,3,1046.440,1047.560,1045.380,1050.860,2.907
hi_medium,2077023,31898238,initProbeSide (src),OFFLINE,0,3,1048.230,1050.517,1041.340,1061.980,10.508
hi_medium,2077023,31898238,initProbeSide (wall),OFFLINE,1,3,1048.960,1052.767,1046.570,1062.770,8.745
hi_medium,2077023,31898238,deduplicateRows (dst),ONLINE,0,3,30.730,31.130,29.890,32.770,1.481
hi_medium,2077023,31898238,deduplicateRows (src),ONLINE,0,3,31.480,30.717,29.030,31.640,1.463
hi_medium,2077023,31898238,probe dst,ONLINE,0,3,1927.600,1974.877,1914.810,2082.220,93.182
hi_medium,2077023,31898238,reduplicateRows (dst),ONLINE,0,3,45.070,44.193,41.460,46.050,2.417
hi_medium,2077023,31898238,unionWith (dst),ONLINE,0,3,26.300,26.253,24.160,28.300,2.070
hi_medium,2077023,31898238,probe src,ONLINE,0,3,1963.070,2102.563,1924.230,2420.390,275.930
hi_medium,2077023,31898238,reduplicateRows (src),ONLINE,0,3,53.590,54.390,45.610,63.970,9.206
hi_medium,2077023,31898238,unionWith (src),ONLINE,0,3,54.270,116.500,35.170,260.060,124.693
hi_medium,2077023,31898238,src branch (total),ONLINE,0,3,2308.230,2304.200,2034.060,2570.310,268.148
hi_medium,2077023,31898238,parallel_sort (dst),ONLINE,0,3,934.760,943.777,911.090,985.480,38.006
hi_medium,2077023,31898238,dst branch (total),ONLINE,0,3,3002.470,3020.313,2966.700,3091.770,64.416
hi_medium,2077023,31898238,parallel branches (wall),ONLINE,1,3,3094.510,3105.670,3059.320,3163.180,52.822
hi_medium,2077023,31898238,unionWith (final),ONLINE,1,3,37.260,37.800,37.130,39.010,1.050
hi_medium,2077023,31898238,CSV write,IO,1,3,15672.840,15668.657,15648.790,15684.340,18.140
hi_large,2116168,179702229,CSV read (account),IO,1,3,685.590,686.750,684.210,690.450,3.278
hi_large,2116168,179702229,CSV read (txn),IO,1,3,141531.160,141557.633,141481.220,141660.520,92.535
hi_large,2116168,179702229,buildNodeIndex,OFFLINE,1,3,4615.350,4619.227,4608.320,4634.010,13.276
hi_large,2116168,179702229,index copy (src),OFFLINE,1,3,533.620,538.807,527.690,555.110,14.427
hi_large,2116168,179702229,initProbeSide (src),OFFLINE,0,3,5903.030,5849.680,5624.990,6021.020,203.334
hi_large,2116168,179702229,initProbeSide (dst),OFFLINE,0,3,5903.340,5896.303,5757.070,6028.500,135.852
hi_large,2116168,179702229,initProbeSide (wall),OFFLINE,1,3,5903.750,5896.507,5757.170,6028.600,135.860
hi_large,2116168,179702229,deduplicateRows (dst),ONLINE,0,3,202.240,191.660,167.030,205.710,21.401
hi_large,2116168,179702229,deduplicateRows (src),ONLINE,0,3,170.900,179.017,165.010,201.140,19.384
hi_large,2116168,179702229,probe dst,ONLINE,0,3,14364.670,14340.093,14129.960,14525.650,198.987
hi_large,2116168,179702229,probe src,ONLINE,0,3,14441.530,14510.880,14343.100,14748.010,211.176
hi_large,2116168,179702229,reduplicateRows (dst),ONLINE,0,3,244.760,247.537,240.000,257.850,9.243
hi_large,2116168,179702229,unionWith (dst),ONLINE,0,3,211.850,194.203,150.440,220.320,38.136
hi_large,2116168,179702229,reduplicateRows (src),ONLINE,0,3,293.790,299.497,288.700,316.000,14.517
hi_large,2116168,179702229,unionWith (src),ONLINE,0,3,2326.980,1642.193,229.860,2369.740,1223.303
hi_large,2116168,179702229,src branch (total),ONLINE,0,3,17207.820,16631.613,15152.410,17534.610,1291.406
hi_large,2116168,179702229,parallel_sort (dst),ONLINE,0,3,7318.000,7327.263,7286.950,7376.840,45.655
hi_large,2116168,179702229,dst branch (total),ONLINE,0,3,22322.580,22300.883,22084.770,22495.300,206.123
hi_large,2116168,179702229,parallel branches (wall),ONLINE,1,3,22670.180,22663.290,22425.950,22893.740,233.971
hi_large,2116168,179702229,unionWith (final),ONLINE,1,3,134.590,143.447,131.690,164.060,17.910
hi_large,2116168,179702229,CSV write,IO,1,3,57457.210,57479.913,57449.250,57533.280,46.388
