O_ORDERKEY,O_CUSTKEY,O_ORDERSTATUS,O_TOTALPRICE,O_ORDERDATE,O_ORDERPRIORITY,O_CLERK,O_SHIPPRIORITY,O_COMMENT
1,37,777177650,13125181,35064,527479233,736472541,0,881976922
2,79,777177650,4018329,35398,382018914,1004416405,0,961696594
3,124,330563436,16088276,34254,527479233,780887738,0,452213607
4,137,777177650,3108479,34981,527479233,700173790,0,741350037
5,46,330563436,8661525,34543,527479233,29894176,0,354689296
6,56,330563436,3646855,33653,483467692,921226874,0,489251134
7,40,777177650,17148873,35072,919150108,315543346,0,541788168
32,131,777177650,11692300,34894,919150108,901823498,0,589468055
33,67,330563436,9979876,34267,1030545334,778902010,0,753909933
34,62,777177650,4167001,35995,1030545334,72443662,0,1047724639
35,128,777177650,14878951,34993,483467692,91904518,0,603755156
36,116,777177650,3898898,35004,382018914,1007903575,0,334865152
37,88,330563436,11370189,33756,1030545334,164117170,0,17088411
38,125,777177650,4636656,35296,483467692,355844317,0,809443243
39,82,777177650,21970784,35326,1030545334,143047463,0,793228340
64,34,330563436,2006573,34529,1030545334,922396659,0,508787695
65,17,836745293,6588392,34774,382018914,996291866,0,615303509
66,130,330563436,7925824,34352,527479233,695909384,0,339492716
67,58,777177650,11622705,35416,483467692,648450825,0,617811337
68,29,777177650,21513572,35901,1030545334,98947350,0,365588169
69,85,330563436,16217623,34487,483467692,205578871,0,39198612
70,65,330563436,8465180,34319,527479233,541998956,0,944964242
71,4,777177650,17882173,35817,483467692,609159084,0,755497447
96,109,330563436,5509067,34439,919150108,404866618,0,108795467
97,22,330563436,6890831,33996,1030545334,648450825,0,348185523
98,106,330563436,5100444,34600,382018914,870050430,0,1041443412
99,89,330563436,9232679,34404,483467692,1066954898,0,508578232
100,148,777177650,14131101,35852,483467692,294637636,0,575004302
101,28,777177650,9559140,35139,1030545334,30009821,0,481705420
102,1,777177650,11395489,35557,919150108,331501688,0,104229044
103,31,777177650,9556395,35234,483467692,554124614,0,674303139
128,74,330563436,3633333,33768,382018914,964379550,0,169291702
129,73,330563436,18812455,33925,527479233,863713108,0,20412137
130,37,330563436,11571737,33730,919150108,438269206,0,609831019
131,94,330563436,9659681,34491,1030545334,867438042,0,23250739
132,28,330563436,11880262,34129,1030545334,204801383,0,183170432
133,44,777177650,8043772,35761,382018914,425603575,0,384414027
134,7,330563436,15426084,33723,483467692,994462578,0,130645011
135,61,777177650,17456988,34991,483467692,256817874,0,949944076
160,83,777177650,8607686,35416,483467692,579749348,0,826115011
161,17,330563436,1905699,34575,919150108,541998956,0,382901929
162,16,777177650,215813,34825,1030545334,313781122,0,160305293
163,88,777177650,12517086,35676,1030545334,827324687,0,172196019
164,1,330563436,20266052,33896,527479233,128788123,0,748867442
165,28,330563436,14182423,33997,483467692,585204012,0,354546204
166,109,777177650,9333560,34952,919150108,98947350,0,286224959
167,121,330563436,5298223,33971,483467692,255557624,0,810637680
192,83,777177650,13300254,35757,527479233,871460110,0,709994842
193,80,330563436,4805318,34187,382018914,893997646,0,564409768
194,62,330563436,11409763,33697,1030545334,998490225,0,527007664
195,136,330563436,12005352,34329,1030545334,345082119,0,705638057
196,65,330563436,3324804,34043,919150108,708541068,0,798644654
197,34,836745293,10029007,34794,919150108,294727845,0,244723459
198,112,777177650,12579283,35795,483467692,113734640,0,748705672
199,53,777177650,8059244,35129,919150108,76111576,0,165631255
224,4,330563436,15568060,34501,483467692,852443192,0,764310739
225,34,836745293,16589047,34842,382018914,820249550,0,305969001
226,128,330563436,18011922,34036,919150108,220183953,0,14267793
227,10,777177650,4607646,35011,527479233,650627696,0,366661554
228,46,330563436,263898,34023,382018914,889809588,0,979896307
229,112,330563436,14229076,34330,382018914,741153861,0,17956964
230,103,330563436,10723160,34267,382018914,246673079,0,981718056
231,91,330563436,14155406,34604,919150108,425003282,0,740191058
256,125,330563436,10631525,34259,483467692,931332952,0,938514159
257,124,777177650,710274,35880,1030545334,1051130690,0,381956238
258,43,330563436,18666910,34330,382018914,691221179,0,271904746
259,44,330563436,7566170,34239,483467692,670242006,0,161265016
260,106,777177650,17929214,35407,1030545334,173315518,0,348464930
261,47,330563436,20100312,34147,1030545334,1040323467,0,103283873
262,31,777177650,10844384,35026,483467692,199031980,0,301414802
263,118,330563436,7978256,34469,919150108,998224420,0,548287697
288,8,777177650,16379453,35480,382018914,1070834709,0,847473463
289,104,777177650,13109267,35469,1030545334,398668719,0,373018005
290,118,330563436,6281489,34333,483467692,1065312030,0,20103193
291,142,330563436,6681705,34404,382018914,529781858,0,76851912
292,23,330563436,3078305,33614,919150108,262128255,0,352794552
293,31,330563436,3724878,33877,919150108,520115015,0,810586961
294,52,330563436,3005947,34164,1030545334,73421828,0,303832800
295,19,330563436,8934599,34604,919150108,37386955,0,597624708
320,1,777177650,3983554,35753,919150108,515384488,0,397999055
321,124,330563436,6225115,34047,1030545334,531065799,0,326711354
322,134,330563436,12706889,33680,382018914,483682045,0,485560244
323,40,330563436,7968342,34417,382018914,596520665,0,100079675
324,106,330563436,2686885,33681,382018914,998490225,0,668381366
325,41,330563436,7154341,34257,527479233,907156021,0,698638351
326,76,777177650,22916517,34852,919150108,229720364,0,747097573
327,145,836745293,2446816,34804,527479233,734331529,0,308049089
352,107,330563436,1600386,34399,919150108,310116417,0,356731463
353,2,330563436,17998442,34332,527479233,182277221,0,249236681
354,139,777177650,15706270,35136,919150108,482999172,0,885759514
355,71,330563436,6944725,34497,527479233,887227449,0,590576608
356,148,330563436,16278667,34513,483467692,248635796,0,808190232
357,61,777177650,9872311,35345,919150108,619515379,0,894533258
358,4,330563436,22680666,34230,919150108,186917638,0,479379429
359,79,330563436,14289122,34685,1030545334,5311552,0,522564385
384,115,330563436,12278582,33664,527479233,418597724,0,884760595
385,34,777177650,5072406,35144,527479233,921466586,0,163484838
386,61,330563436,9038040,34722,919150108,645535178,0,573568130
387,4,777177650,13064718,35454,483467692,987113073,0,514116469
388,46,330563436,12053346,33952,483467692,191596498,0,493824734
389,127,330563436,198414,34380,919150108,1068583458,0,283318699
390,103,777177650,16856227,35890,527479233,536894137,0,792043942
391,112,330563436,1328223,34653,919150108,574398530,0,606656824
416,41,330563436,7136250,34237,527479233,660397547,0,201141309
417,55,330563436,9198229,34369,1030545334,534253774,0,179208631
418,95,836745293,3312496,34800,483467692,560796557,0,245882820
419,118,777177650,11159796,35337,1030545334,998732043,0,289204851
420,91,777177650,19803923,35001,483467692,220183953,0,19639723
421,40,330563436,108438,33654,527479233,855828846,0,324687630
422,74,777177650,10604589,35579,483467692,557583961,0,1070050874
423,104,777177650,2698131,35215,382018914,850958981,0,360949057
448,149,777177650,11497803,34930,1030545334,324959221,0,265607598
449,97,777177650,4160562,34898,919150108,46236452,0,514198137
450,49,836745293,15338660,34761,483467692,476037616,0,105774752
451,100,777177650,10466440,35938,527479233,752870490,0,1018027861
452,61,777177650,200748,35715,382018914,715120063,0,338462273
453,46,777177650,21682673,35574,527479233,856407972,0,925614750
454,49,777177650,2319824,35058,527479233,662066157,0,968068147
455,13,777177650,13801076,35401,382018914,700200782,0,146657666
480,73,330563436,2053097,34095,527479233,963844461,0,780000948
481,31,330563436,11782718,33883,919150108,785892703,0,43524464
482,127,777177650,13663434,35148,382018914,27515260,0,213589140
483,35,777177650,3979305,34889,919150108,893997646,0,489367910
484,55,777177650,21992062,35431,1030545334,210584776,0,549193804
485,101,777177650,11043276,35513,919150108,765057631,0,624789700
486,52,777177650,18596815,35133,483467692,167445592,0,623366173
487,109,330563436,4850279,33832,382018914,864237509,0,691727283
512,64,836745293,12466148,34837,527479233,56033464,0,762635661
513,61,777177650,6370392,34818,919150108,960245413,0,827794926
514,76,777177650,10458577,35157,919150108,496615677,0,169955279
515,142,330563436,15372022,34208,483467692,679064543,0,27217813
516,44,777177650,1067786,35904,919150108,434098929,0,4664171
517,10,777177650,8219778,35525,527479233,429931095,0,1073468585
518,145,777177650,22353709,35832,919150108,987113073,0,615888657
519,64,777177650,9573150,35732,382018914,382159559,0,29463575
544,94,330563436,4762789,34015,919150108,304912476,0,921510207
545,64,777177650,2347612,35008,919150108,533573103,0,82397504
546,145,777177650,1479037,35368,919150108,657054353,0,152111572
547,100,777177650,9685529,35236,1030545334,837605017,0,470738359
548,124,330563436,9908875,34596,382018914,401164209,0,109087896
549,110,330563436,14167941,33796,382018914,558101883,0,686462403
550,25,777177650,3312328,34911,382018914,1008749510,0,414605242
551,91,777177650,4635583,34847,382018914,523213283,0,597972419
576,31,777177650,1830745,35561,1030545334,780887738,0,511440967
577,56,330563436,3476868,34685,527479233,1064137039,0,750840432
578,94,777177650,7039202,35438,527479233,752686316,0,916020043
579,68,777177650,12082812,35863,919150108,183294001,0,793813124
580,61,777177650,8821912,35614,919150108,763437330,0,861707718
581,70,777177650,12606600,35482,483467692,1031102955,0,292776958
582,50,777177650,12900481,35722,382018914,313781122,0,325935403
583,49,777177650,12781738,35506,1030545334,147193070,0,73522247
608,26,777177650,6256799,35121,1030545334,449310261,0,443764919
609,127,330563436,2108859,34484,1030545334,846915311,0,273480761
610,52,777177650,17514228,34911,382018914,657368492,0,891014611
611,106,330563436,7390763,33994,382018914,293169817,0,1059770269
612,82,330563436,14569542,33896,1030545334,456308506,0,666263651
613,139,777177650,3339635,34866,919150108,787238299,0,175987343
614,134,330563436,21811621,33937,919150108,6413421,0,236155448
615,67,330563436,3289089,33731,527479233,6413421,0,171226540
640,97,330563436,14549562,33990,919150108,733807844,0,724147247
641,133,330563436,12062649,34209,527479233,550533009,0,488142459
642,40,330563436,2299451,34317,1030545334,582487195,0,736472410
643,58,836745293,18039695,34781,919150108,635442622,0,102903598
644,8,330563436,20126806,33723,382018914,829866435,0,663166472
645,115,330563436,23476373,34669,919150108,554124614,0,35904379
646,52,330563436,14207065,34658,919150108,778947825,0,431186114
647,143,777177650,5644923,35647,382018914,31715955,0,539465532
672,109,330563436,8987709,34436,527479233,180559725,0,619578467
673,80,330563436,2113708,34401,382018914,870050430,0,772117871
674,34,330563436,2720460,33843,527479233,870050430,0,714409604
675,13,777177650,12518872,35640,919150108,712857721,0,831981061
676,38,777177650,16396667,35410,919150108,172857139,0,542546187
677,124,330563436,14791568,34295,1030545334,259642173,0,101989313
678,131,330563436,13576104,34025,527479233,491494763,0,237102729
679,49,777177650,894503,35046,919150108,2312417,0,532736984
704,85,777177650,5621026,35388,1030545334,410372609,0,174239262
705,43,777177650,8377349,35472,483467692,660397547,0,454600209
706,148,777177650,2397360,34949,382018914,870050430,0,900982702
707,118,330563436,5821835,34656,1030545334,322685847,0,1039834028
708,32,777177650,10044559,35977,1030545334,1041669670,0,1015688167
709,37,777177650,7205587,35904,382018914,1029675538,0,579687265
710,133,330563436,20897442,33969,527479233,800795810,0,299524516
711,64,330563436,9248470,34233,483467692,541490321,0,863760408
736,47,777177650,13020417,35965,527479233,584991704,0,721207109
737,121,330563436,1298485,33718,527479233,263387417,0,413202945
738,22,330563436,11414518,34028,483467692,177167054,0,802445726
739,1,777177650,15917169,35944,527479233,652965808,0,500557461
740,44,777177650,8349099,34894,1030545334,89154740,0,342585899
741,106,777177650,4798598,35981,919150108,27515260,0,147020258
742,103,330563436,20763255,34689,527479233,643005967,0,858272672
743,79,777177650,2361489,35340,483467692,964005875,0,914308472
768,98,777177650,22063682,35295,1030545334,526809877,0,1025166280
769,80,330563436,4309276,34120,1030545334,787238299,0,633446094
770,32,777177650,6427175,35936,527479233,288114636,0,599497826
771,46,777177650,10530205,34865,382018914,765057631,0,276802506
772,97,330563436,12823496,34074,919150108,117398177,0,1034871761
773,133,330563436,14686226,34236,1030545334,253109335,0,1065918558
774,80,777177650,14585760,35035,382018914,772055276,0,671190109
775,134,330563436,5945561,34774,382018914,521756100,0,883410506
800,56,777177650,8789238,35988,919150108,196811816,0,672575675
801,118,330563436,12771772,33650,382018914,769051927,0,257638599
802,137,330563436,15638195,34702,382018914,244197604,0,93070470
803,16,777177650,2762966,35547,527479233,502070148,0,374815181
804,50,330563436,9440043,34038,1030545334,243275840,0,303441648
805,127,777177650,9004241,34883,483467692,541490321,0,6630965
806,131,777177650,2683916,35234,919150108,993998713,0,548240783
807,145,330563436,22239253,34295,1030545334,19909882,0,819981063
832,29,330563436,6849408,33711,527479233,61832591,0,865620294
833,56,330563436,4903369,34376,1030545334,913012142,0,935589937
834,43,330563436,4645992,34475,1030545334,866625499,0,927085327
835,65,777177650,6243067,34978,483467692,531977933,0,522045687
836,70,777177650,7284348,35392,483467692,340105228,0,905356310
837,116,330563436,6091841,34498,483467692,49635954,0,1018565778
838,17,777177650,8291836,35822,527479233,196811816,0,230460832
839,28,777177650,7018263,34917,382018914,736472541,0,817794753
864,139,777177650,7471074,35657,382018914,438269206,0,420011854
865,4,330563436,7043053,34091,1030545334,258727019,0,303303539
866,40,330563436,476618,33934,1030545334,1063358163,0,424705048
867,26,330563436,747175,34287,1030545334,755443911,0,315693040
868,104,330563436,12734545,33762,483467692,621981610,0,544418984
869,136,777177650,5893219,35440,919150108,18848952,0,725310959
870,34,330563436,4049237,34138,483467692,394987123,0,1073424157
871,16,777177650,17286158,35016,527479233,220040004,0,979523790
896,2,330563436,16984763,34035,382018914,800457772,0,783057699
897,49,836745293,5769744,34776,382018914,323232623,0,490066672
898,55,330563436,10102075,34121,919150108,892274697,0,197438666
899,109,777177650,12556209,35891,527479233,475988087,0,55757286
900,46,330563436,12007351,34606,483467692,306221036,0,851514185
901,13,777177650,8182612,35995,483467692,741617252,0,751819717
902,10,330563436,3734862,34540,483467692,235956276,0,78829128
903,11,777177650,10935187,34885,483467692,18136617,0,588918137
928,67,330563436,22813649,34758,527479233,971647310,0,329487583
929,83,330563436,10930102,33877,919150108,451885859,0,546785090
930,131,330563436,19910223,34683,382018914,963844461,0,84689685
931,103,330563436,11790923,33943,382018914,584991704,0,851092939
932,41,777177650,4023450,35564,919150108,366128172,0,410431303
933,97,330563436,7134930,33819,483467692,213135429,0,600320281
934,52,777177650,1721359,35247,382018914,57257681,0,322082019
935,50,777177650,9773387,35695,527479233,872565884,0,825508869
960,35,330563436,6353713,34596,1030545334,200049683,0,239397809
961,56,836745293,15889316,34852,483467692,199472989,0,608353781
962,37,330563436,9825873,34458,527479233,522919037,0,930914572
963,26,330563436,5328725,34478,1030545334,660150212,0,801881506
964,76,777177650,13114647,34837,1030545334,1032506014,0,555730282
965,70,836745293,4175844,34832,527479233,366128172,0,366554571
966,14,777177650,12051693,35913,919150108,1031102955,0,29349387
967,110,330563436,17928795,33774,1030545334,691221179,0,499937900
992,55,777177650,13366512,35743,1030545334,765901852,0,88704738
993,80,777177650,19823865,34950,1030545334,174273885,0,891450158
994,2,330563436,4143348,34442,527479233,660150212,0,502406447
995,116,836745293,13515792,34848,1030545334,922489220,0,222984095
996,71,777177650,4744763,35791,382018914,660150212,0,869235991
997,109,777177650,2756182,35567,919150108,1052812505,0,591035462
998,32,330563436,6526938,34662,483467692,556559552,0,751744036
999,61,330563436,14524913,34215,527479233,84541416,0,449738179
1024,4,777177650,17608463,35785,527479233,157307470,0,520352257
1025,103,330563436,8203403,34822,919150108,998732043,0,990439324
1026,73,777177650,3646476,35583,527479233,72443662,0,673291854
1027,128,330563436,11277089,33756,1030545334,399182102,0,75679619
1028,70,330563436,15386467,34333,919150108,669364013,0,627833640
1029,130,330563436,4744091,34504,919150108,679064543,0,291337973
1030,134,330563436,1634694,34498,527479233,418189974,0,474986206
1031,4,330563436,12802471,34576,1030545334,870050430,0,982538922
1056,28,330563436,3844639,34739,382018914,350946653,0,50816525
1057,76,330563436,10810742,33652,382018914,700173790,0,33167978
1058,53,330563436,8935911,34083,1030545334,527925955,0,710736901
1059,127,330563436,19836022,34390,382018914,994036949,0,10169648
1060,140,330563436,12199404,34019,1030545334,562800735,0,599632018
1061,103,777177650,16694775,35928,527479233,612310024,0,1067975508
1062,106,777177650,3980504,35443,382018914,961453173,0,1056295444
1063,37,330563436,4139231,34424,919150108,678476070,0,866459683
1088,148,330563436,4712041,33743,527479233,512246520,0,369324330
1089,49,777177650,10319274,35187,483467692,297638435,0,951599270
1090,19,777177650,3292930,35747,919150108,185765779,0,395989933
1091,83,777177650,3579522,35302,382018914,489636451,0,291406718
1092,124,836745293,8555221,34760,1030545334,628699876,0,1063105795
1093,101,777177650,7918958,35640,483467692,46146051,0,549211439
1094,145,777177650,900625,35786,1030545334,957562464,0,1052725861
1095,145,777177650,17849124,34931,1030545334,139647776,0,629488871
1120,140,777177650,10795862,35739,1030545334,767302950,0,934345276
1121,29,777177650,24183788,35441,1030545334,648495959,0,592862156
1122,121,777177650,17974747,35438,382018914,291364691,0,945635027
1123,73,777177650,9325993,35278,1030545334,741617252,0,407455098
1124,80,777177650,14185897,36004,527479233,965207098,0,284188383
1125,25,330563436,8043838,34632,919150108,411115736,0,970979047
1126,145,777177650,5998231,35821,483467692,104230145,0,791236647
1127,58,777177650,10332091,34959,483467692,161751038,0,267087858
1152,49,330563436,5177554,34558,483467692,286989915,0,916921648
1153,121,777177650,22072797,35171,527479233,744100618,0,939514904
1154,37,330563436,19241785,33647,382018914,941678656,0,742275746
1155,149,777177650,12690281,35707,919150108,107545465,0,955701337
1156,133,777177650,21768281,35355,382018914,690212932,0,989649096
1157,97,777177650,8539406,35807,483467692,252901601,0,173582142
1158,142,777177650,3107551,35244,919150108,489636451,0,1049936183
1159,70,330563436,5555368,33863,1030545334,734331529,0,536644982
1184,89,777177650,3970029,35727,527479233,479437781,0,657978112
1185,74,330563436,4703321,33838,527479233,1052162117,0,544525730
1186,59,777177650,8202617,35290,483467692,90557431,0,40047180
1187,134,330563436,8594802,33926,1030545334,652618348,0,569414667
1188,20,777177650,5465507,35164,919150108,574398530,0,19061371
1189,46,330563436,7101799,34431,382018914,354724747,0,753660951
1190,13,777177650,3104339,35503,527479233,475988087,0,707632881
1191,112,777177650,2862304,35008,1030545334,713327920,0,989522327
1216,122,330563436,6805657,33943,527479233,262444779,0,873424748
1217,7,330563436,4098208,33718,483467692,649013128,0,823090503
1218,10,330563436,9983447,34503,483467692,657883030,0,316725875
1219,28,777177650,1016356,34975,1030545334,321496747,0,810403724
1220,49,777177650,12215714,35304,382018914,630989643,0,71507688
1221,14,330563436,11739716,33711,483467692,1036948298,0,652667299
1222,10,330563436,4762394,34003,1030545334,235956276,0,493965189
1223,10,777177650,2671467,35208,483467692,39526833,0,366727316
1248,49,330563436,21071388,33603,382018914,662066157,0,1048788443
1249,149,330563436,4588909,34337,382018914,1039128806,0,227090048
1250,37,330563436,1290762,33874,483467692,870433814,0,346448751
1251,38,777177650,10953655,35731,382018914,938735159,0,246490533
1252,149,777177650,9340305,35644,527479233,846915311,0,224372061
1253,115,330563436,9273074,33993,382018914,399951344,0,804672407
1254,70,777177650,9464925,35053,382018914,365619293,0,636844903
1255,122,330563436,6251831,34482,483467692,90557431,0,498662694
1280,97,330563436,9166485,33978,527479233,451885859,0,399571899
1281,62,330563436,16545451,34677,382018914,117398177,0,401450789
1282,116,330563436,6129742,33661,483467692,712857721,0,75763516
1283,118,777177650,20262392,35305,483467692,502070148,0,406448256
1284,134,777177650,10612238,35069,919150108,415568494,0,51177302
1285,11,330563436,13912472,33754,382018914,465403415,0,796874674
1286,109,330563436,20729183,34101,483467692,665841749,0,1000725803
1287,19,330563436,13143242,34518,919150108,414145728,0,427133657
1312,112,330563436,5811100,34471,1030545334,649013128,0,857763594
1313,148,330563436,4659865,34588,382018914,901187979,0,320098729
1314,143,330563436,5620766,34465,1030545334,408929053,0,184102415
1315,22,777177650,12193523,35874,527479233,239842792,0,626396796
1316,16,330563436,16374647,34304,382018914,846470124,0,410916839
1317,100,836745293,13971471,34836,919150108,527925955,0,1062265364
1318,128,777177650,8166364,35971,1030545334,459617715,0,1048631277
1319,32,777177650,3110383,35333,919150108,283718059,0,945127283
1344,17,330563436,4380937,33708,527479233,176824983,0,274199594
1345,95,330563436,11120793,33903,527479233,86425258,0,873840412
1346,76,330563436,17197562,33771,919150108,1011273357,0,388819144
1347,41,777177650,17344460,35599,527479233,389527799,0,618941625
1348,19,777177650,9413577,35901,527479233,418597724,0,623474122
1349,64,777177650,4637609,35727,382018914,643005967,0,733491807
1350,52,330563436,4930598,34203,382018914,141398230,0,1049076120
1351,106,777177650,2463796,35903,382018914,19909882,0,419651273
1376,47,777177650,2398488,35552,483467692,1026278932,0,289447071
1377,20,777177650,10833430,35907,483467692,867438042,0,140604206
1378,20,777177650,11849512,35131,483467692,186878897,0,672397510
1379,65,777177650,8462776,35938,527479233,55880225,0,233750638
1380,137,777177650,9496941,35251,1030545334,294727845,0,292962921
1381,127,777177650,5821222,35938,1030545334,403415360,0,971516842
1382,133,330563436,17352271,34196,527479233,399182102,0,510595081
1383,121,330563436,3479772,34084,919150108,317301456,0,253929521
1408,55,777177650,18396561,35788,483467692,469469978,0,1048849936
1409,143,330563436,7244052,33967,483467692,351317042,0,131081256
1410,113,777177650,11487919,35530,527479233,394987123,0,484079102
1411,95,330563436,16446260,34687,919150108,973782226,0,156319639
1412,53,330563436,7867653,34039,483467692,291364691,0,595011724
1413,91,777177650,7573358,35593,1030545334,579749348,0,347183302
1414,77,777177650,3805781,34925,382018914,772055276,0,60821824
1415,79,330563436,2465479,34481,483467692,670242006,0,508739262
1440,98,777177650,5020116,34919,527479233,556559552,0,289240424
1441,122,777177650,15647794,35493,483467692,303356208,0,1025959751
1442,112,330563436,710812,34518,483467692,363074043,0,1010554499
1443,44,777177650,4467203,35413,527479233,942916962,0,458116567
1444,134,330563436,20790760,34672,1030545334,643245599,0,1061442789
1445,115,330563436,15465332,34707,1030545334,495226185,0,628914692
1446,41,777177650,2766316,35840,527479233,978336737,0,504001800
1447,91,330563436,10817138,33890,919150108,1004416405,0,944680533
1472,149,777177650,6533105,35342,527479233,439528400,0,580778810
1473,94,777177650,8062438,35504,1030545334,173315518,0,186681187
1474,70,330563436,5169718,34706,382018914,715267408,0,799926608
1475,5,777177650,18549666,35744,919150108,1045303502,0,424943750
1476,145,777177650,1879562,35241,919150108,593111781,0,919838230
1477,76,777177650,23183135,35664,527479233,732597354,0,111727499
1478,50,777177650,2079150,35643,919150108,862251529,0,958834188
1479,16,777177650,3147104,35047,483467692,643246197,0,405430074
1504,2,330563436,8939940,33842,1030545334,66568625,0,427353377
1505,37,330563436,5589235,33835,919150108,866575097,0,382115107
1506,148,330563436,19584484,33866,1030545334,776398755,0,45664107
1507,121,330563436,9616692,34254,1030545334,434098929,0,176432204
1508,103,777177650,15128265,35893,527479233,793968446,0,896299477
1509,64,330563436,18045598,34156,527479233,925600152,0,230100065
1510,53,777177650,15459004,35323,527479233,851285018,0,649589510
1511,79,777177650,5965138,35419,483467692,312426922,0,254346050
1536,94,777177650,518426,35454,1030545334,793968446,0,975861565
1537,109,330563436,10831751,33647,483467692,183294001,0,944153607
1538,29,777177650,17955441,34866,483467692,505055749,0,775223743
1539,112,330563436,3961262,34766,527479233,239842792,0,73365320
1540,16,330563436,12801415,33819,919150108,41295509,0,241045680
1541,94,836745293,4728632,34835,382018914,62247322,0,1018191600
1542,143,330563436,13297224,34225,1030545334,401164209,0,134350461
1543,52,777177650,13904722,35479,382018914,398654372,0,818236052
1568,17,777177650,7611972,35458,483467692,635708072,0,182102830
1569,104,777177650,8780355,35885,527479233,851473054,0,976782842
1570,124,777177650,3558957,35868,382018914,289965604,0,346167835
1571,103,330563436,15140478,33941,919150108,112933682,0,315343738
1572,11,777177650,4723279,35117,919150108,657883030,0,805400621
1573,148,330563436,8691857,33964,919150108,743070561,0,184260440
1574,134,777177650,17992354,35409,1030545334,972070541,0,908825450
1575,145,777177650,19703152,34953,1030545334,660150212,0,456493025
1600,94,330563436,13051561,34029,1030545334,528310972,0,192097201
1601,53,330563436,7396295,34571,527479233,66799206,0,319345223
1602,1,330563436,422526,34184,527479233,302893045,0,825534679
1603,2,330563436,2930547,34179,483467692,229358217,0,365820344
1604,113,330563436,10713929,34165,527479233,605237504,0,835953148
1605,58,777177650,13068764,35907,483467692,901823498,0,331829542
1606,53,777177650,11587740,35535,483467692,829866435,0,809191105
1607,149,777177650,16633503,35047,919150108,715120063,0,558497079
1632,67,777177650,18328633,35436,1030545334,342323662,0,1014149801
1633,16,777177650,5235951,34984,919150108,470375349,0,217442410
1634,70,777177650,14589847,35316,382018914,581237046,0,486321775
1635,4,777177650,7023225,35472,1030545334,474338894,0,1011287876
1636,79,777177650,17202187,35596,1030545334,224455481,0,110782682
1637,73,330563436,18091215,34736,483467692,922389215,0,77640137
1638,139,777177650,17243630,35653,919150108,560796557,0,431980256
1639,5,777177650,10416656,34929,483467692,665841749,0,605264400
1664,64,777177650,17806022,35125,382018914,554124614,0,798325313
1665,76,330563436,481991,34460,919150108,763393339,0,371793020
1666,95,777177650,12836797,34988,382018914,601516552,0,428881849
1667,5,777177650,12503037,35711,919150108,398668719,0,678585408
1668,142,777177650,13757619,35621,483467692,554161381,0,462926862
1669,2,777177650,2436239,35588,1030545334,129378495,0,293909264
1670,25,777177650,8999972,35572,919150108,841204210,0,122516655
1671,35,777177650,10439111,35271,483467692,421211526,0,670235427
1696,4,777177650,10266503,35801,483467692,657054353,0,1063463620
1697,76,777177650,12262131,35343,382018914,556636487,0,761804887
1698,40,777177650,14111887,35541,919150108,78429428,0,508215803
1699,85,330563436,6640828,34331,382018914,350946653,0,408044999
1700,65,777177650,8914336,35229,1030545334,692206666,0,995223267
1701,130,330563436,7283595,33741,919150108,404866618,0,1072465919
1702,67,836745293,19411931,34824,919150108,185765779,0,585114857
1703,134,330563436,12122059,33995,1030545334,522919037,0,249760095
1728,64,777177650,13160434,35205,919150108,994462578,0,463845225
1729,133,330563436,1213776,33741,919150108,483682045,0,92705560
1730,124,777177650,15088649,35998,527479233,559376519,0,159242404
1731,128,777177650,19049078,35068,382018914,941678656,0,887418606
1732,146,330563436,17985451,34300,527479233,157307470,0,739097269
1733,148,777177650,16548951,35195,919150108,281548201,0,814717258
1734,7,330563436,4400253,34494,919150108,1050271488,0,666322277
1735,22,330563436,9854195,33963,382018914,485417299,0,763289338
1760,115,777177650,8215112,35200,527479233,910382867,0,657169981
1761,106,330563436,21192595,34325,919150108,416951019,0,363868215
1762,77,330563436,20222717,34564,483467692,599770537,0,477127644
1763,121,777177650,14068501,35365,919150108,207904796,0,778771833
1764,29,330563436,4738471,33686,382018914,972099815,0,130120252
1765,73,777177650,3655143,35034,483467692,774826836,0,89489822
1766,139,777177650,4103281,35348,919150108,410623548,0,710068793
1767,25,836745293,13658260,34770,919150108,275382686,0,172076958
1792,49,330563436,10791986,34280,527479233,97658806,0,309703513
1793,19,330563436,8250456,33795,483467692,1027915477,0,566822161
1794,140,777177650,17946221,35699,382018914,923563413,0,288598002
1795,94,330563436,14684932,34410,919150108,556636487,0,141880695
1796,47,330563436,3375547,33927,919150108,18848952,0,594626973
1797,125,777177650,5149447,35190,1030545334,355372531,0,526381510
1798,52,777177650,4639397,35637,382018914,51995382,0,857728023
1799,61,330563436,4681593,34398,483467692,417942627,0,336257888
1824,49,330563436,8135153,34457,382018914,1045303502,0,29795968
1825,148,330563436,15058276,34306,1030545334,154276440,0,770666419
1826,82,330563436,12471997,33708,483467692,1063358163,0,426221640
1827,106,777177650,21011388,35236,483467692,466561773,0,958536702
1828,32,330563436,13736950,34440,1030545334,239842792,0,98955906
1829,112,330563436,12753220,34460,919150108,533573103,0,267100167
1830,133,330563436,8512224,34751,382018914,466528091,0,107965728
1831,71,330563436,5803277,34303,382018914,656033859,0,688802483
1856,106,330563436,18936142,33681,483467692,238293809,0,974171273
1857,133,330563436,10279359,33980,919150108,291364691,0,231732442
1858,143,777177650,3045791,35775,382018914,779148006,0,114948977
1859,61,777177650,10509409,35529,483467692,686014416,0,523634413
1860,10,777177650,910340,35157,1030545334,844792419,0,66550363
1861,70,330563436,9506341,34335,1030545334,567634383,0,856961834
1862,34,777177650,9798106,35848,527479233,846915311,0,804220743
1863,74,330563436,9635965,34233,483467692,971462708,0,619316529
1888,121,330563436,22472411,34271,483467692,143047463,0,515493562
1889,25,777177650,9643177,35503,382018914,656033859,0,901028983
1890,10,777177650,20236458,35415,483467692,528310972,0,924932118
1891,61,330563436,7684896,34681,527479233,61832591,0,383196318
1892,25,330563436,13327364,34417,527479233,436317929,0,752774697
1893,125,777177650,11679213,35731,919150108,470879726,0,963976780
1894,76,330563436,4438723,33691,382018914,25112286,0,157448254
1895,7,330563436,4442981,34482,1030545334,308377516,0,733558272
1920,110,777177650,11960591,35968,527479233,521529826,0,699401656
1921,88,330563436,5758412,34350,1030545334,476037616,0,720474685
1922,56,777177650,1157577,35257,1030545334,272220331,0,779612357
1923,136,777177650,17112810,35616,382018914,350213781,0,841292410
1924,76,777177650,16975619,35313,483467692,277499506,0,450206816
1925,17,330563436,14638271,33666,382018914,434710467,0,40594520
1926,94,777177650,10003503,35093,919150108,531351236,0,113678129
1927,140,777177650,2332788,34970,1030545334,901823498,0,820482721
1952,67,330563436,1289625,34407,919150108,450188979,0,27787714
1953,149,330563436,5721318,34301,1030545334,186573168,0,566398197
1954,56,777177650,15885363,35579,483467692,994036949,0,69842437
1955,13,330563436,10308513,33712,382018914,147193070,0,413848687
1956,127,330563436,8870426,33865,483467692,921466586,0,984547333
1957,31,777177650,7748287,35995,919150108,638918187,0,249076638
1958,53,777177650,17629434,34962,527479233,292100860,0,1018627432
1959,43,777177650,6227718,35441,483467692,625108811,0,727158158
1984,52,777177650,7923047,35884,382018914,531977933,0,701297814
1985,7,330563436,17152254,34577,483467692,51995382,0,244616614
1986,149,330563436,3426996,34457,919150108,157609168,0,929574447
1987,100,330563436,640629,34452,919150108,870433814,0,690653248
1988,109,777177650,11713272,34976,483467692,713327920,0,558406143
1989,118,330563436,3926328,34407,483467692,876635424,0,862005204
1990,119,330563436,4878139,34682,919150108,498807943,0,275516191
1991,19,330563436,13985441,33852,483467692,656033859,0,1037393069
2016,8,777177650,2434736,35291,1030545334,321287243,0,1029092934
2017,101,777177650,7052927,35926,1030545334,201352717,0,90331641
2018,19,836745293,2500795,34792,483467692,763393339,0,288410763
2019,136,330563436,4378914,33898,382018914,112933682,0,525710322
2020,73,330563436,13616213,34139,1030545334,172335340,0,879657573
2021,70,777177650,2701674,34893,382018914,37386955,0,483138898
2022,62,330563436,20674211,33676,382018914,941678656,0,946271494
2023,118,330563436,14412337,33728,527479233,495484745,0,689489415
2048,17,330563436,3340176,34286,382018914,5311552,0,258365382
2049,31,777177650,15304874,35038,919150108,863713108,0,849667977
2050,28,330563436,20851798,34485,483467692,68121557,0,725940443
2051,40,777177650,8798834,35140,483467692,207034770,0,885205341
2052,91,330563436,14182219,33705,919150108,577861102,0,84974167
2053,142,330563436,12512557,34735,382018914,54014137,0,255607308
2054,41,330563436,14433516,33761,483467692,398668719,0,1040376085
2055,97,330563436,5709226,34214,382018914,1060999602,0,858988031
2080,95,330563436,4576769,34136,527479233,151465379,0,306921770
2081,121,777177650,14565497,35614,919150108,96392798,0,948512199
2082,49,330563436,4675363,34707,919150108,635442622,0,1034921694
2083,101,330563436,3179552,34162,1030545334,671751995,0,596189019
2084,80,330563436,19065253,34043,919150108,752870490,0,1042385856
2085,49,330563436,4531107,34292,1030545334,644523916,0,1003725270
2086,142,330563436,18898518,34624,382018914,915975806,0,718181942
2087,50,777177650,5358141,35824,919150108,25112286,0,895027601
2112,64,777177650,1798615,35464,919150108,342323662,0,350785656
2113,32,777177650,6567821,35740,919150108,643269047,0,328969360
2114,79,330563436,10644602,34713,527479233,602978792,0,742516945
2115,106,777177650,13481465,35936,483467692,1041669670,0,1060371679
2116,23,330563436,6088790,34570,382018914,279421629,0,471099242
2117,22,777177650,14571303,35544,919150108,683502586,0,101097060
2118,134,777177650,3897467,35345,382018914,558101883,0,20686660
2119,64,777177650,3463257,35295,919150108,266607479,0,192868019
2144,136,330563436,11991728,34420,1030545334,803592118,0,1041127168
2145,134,330563436,1888534,33878,382018914,1032535324,0,516380591
2146,118,330563436,17968607,33859,483467692,697457527,0,905440360
2147,100,330563436,9151379,33851,483467692,169389785,0,598401610
2148,130,330563436,1961203,34806,483467692,653821621,0,923775142
2149,101,330563436,10514540,34039,527479233,347538624,0,460689274
2150,82,330563436,16696106,34486,1030545334,1064137039,0,1066194910
2151,58,777177650,12460869,35378,1030545334,512353811,0,714311053
2176,104,330563436,8724817,33916,382018914,799892158,0,712813793
2177,136,777177650,18349342,35448,1030545334,946362953,0,581902437
2178,8,777177650,7959467,35409,1030545334,201124567,0,856393627
2179,41,777177650,7748709,35313,919150108,363074043,0,329128146
2180,76,777177650,20848157,35320,483467692,549919339,0,902836041
2181,76,777177650,10095464,34953,1030545334,56033464,0,290125989
2182,23,330563436,11600311,34427,919150108,470228220,0,997986716
2183,113,777177650,4984112,35236,382018914,1043482837,0,671419624
2208,68,836745293,24538806,34818,483467692,652965808,0,906635232
2209,91,330563436,12908693,33793,919150108,778227969,0,123829272
2210,32,330563436,3168946,33617,919150108,86869457,0,848422508
2211,92,330563436,14003123,34513,919150108,84541416,0,840153910
2212,118,330563436,1723105,34414,1030545334,219237889,0,818491468
2213,122,330563436,14613610,33982,483467692,215631931,0,1068110494
2214,115,777177650,15034563,35918,1030545334,319886186,0,255145519
2215,40,777177650,10823946,35230,483467692,416951019,0,886660122
2240,56,330563436,17409030,33667,483467692,546139338,0,621238705
2241,103,330563436,16521907,34098,382018914,847126847,0,960050241
2242,82,777177650,1508282,35629,483467692,581237046,0,880453931
2243,49,777177650,1045196,34858,919150108,78941808,0,383207350
2244,127,330563436,2120708,33976,382018914,736726303,0,711754006
2245,58,330563436,15058573,34085,1030545334,647403571,0,55994276
2246,113,777177650,8575584,35210,483467692,487545058,0,74473769
2247,95,330563436,1349131,33816,483467692,893477246,0,68117147
2272,139,330563436,12793471,34070,919150108,182277221,0,712282466
2273,136,777177650,14229179,35411,527479233,37386955,0,141703124
2274,104,330563436,5827389,34214,483467692,505055749,0,359725671
2275,149,330563436,3739890,33897,483467692,418597724,0,48967666
2276,43,777177650,14115963,35182,483467692,68121557,0,543581090
2277,89,330563436,7927023,34699,483467692,964379550,0,450557520
2278,142,777177650,10187846,35908,1030545334,769051927,0,236444808
2279,80,330563436,14232232,34021,1030545334,432140551,0,877124023
2304,46,330563436,9376928,34339,483467692,871264709,0,247668794
2305,43,330563436,12296466,33993,919150108,98947350,0,721495742
2306,28,777177650,24470423,34904,919150108,61561764,0,419599765
2307,106,330563436,5941776,34147,527479233,238293809,0,710116047
2308,25,330563436,5854602,33900,483467692,157609168,0,168477212
2309,100,777177650,14693307,34944,527479233,167445592,0,830812717
2310,31,777177650,8292812,35326,527479233,910382867,0,137293408
2311,73,836745293,15323393,34819,919150108,1047142644,0,425516152
2336,142,777177650,2229451,35069,483467692,1009828457,0,1680607
2337,142,777177650,4570496,35597,483467692,595180046,0,966757351
2338,140,777177650,2815592,35686,919150108,736472541,0,568926345
2339,109,330563436,6347078,34316,527479233,567634383,0,535776934
2340,65,777177650,3077878,35074,382018914,347516643,0,202553366
2341,82,330563436,5595021,34117,527479233,341450815,0,1052706203
2342,37,777177650,10403878,35223,382018914,1045287646,0,213564016
2343,73,777177650,8538100,34930,1030545334,157966294,0,1052142681
2368,13,330563436,10124096,34199,382018914,930660809,0,389662750
2369,110,777177650,7351791,35421,919150108,213135429,0,644373577
2370,142,330563436,7392421,34349,382018914,793811779,0,222833929
2371,19,777177650,19385767,35800,382018914,261814435,0,385209781
2372,31,777177650,10492766,35753,527479233,579749348,0,139409532
2373,28,330563436,5521104,34403,483467692,794698923,0,805218122
2374,4,330563436,11521988,34269,483467692,847126847,0,854209336
2375,5,777177650,10661248,35387,1030545334,279421629,0,248833851
2400,37,777177650,9279866,35999,527479233,621981610,0,279613304
2401,148,777177650,8844824,35638,483467692,560258212,0,197871355
2402,67,777177650,7040362,35312,483467692,894866027,0,64142127
2403,55,777177650,11102079,35894,1030545334,80785109,0,1015806976
2404,77,777177650,10907769,35500,483467692,778902010,0,1040058878
2405,73,777177650,11592914,35420,1030545334,770727120,0,765562489
2406,7,777177650,18251677,35364,527479233,987601373,0,871553036
2407,55,777177650,11284352,35963,919150108,937889333,0,165447288
2432,103,777177650,6266193,35257,382018914,323679515,0,384072483
2433,31,330563436,14707185,34566,483467692,107090275,0,355922397
2434,25,777177650,12395625,35545,1030545334,151465379,0,718437099
2435,73,330563436,12249066,34019,527479233,917151749,0,837579656
2436,125,777177650,7399008,34951,483467692,489636451,0,476318508
2437,85,330563436,14341169,34078,483467692,177225593,0,21604151
2438,13,330563436,21449439,34163,919150108,862493301,0,232454752
2439,55,777177650,4181112,35502,919150108,705695505,0,218806154
2464,145,777177650,3049565,35755,527479233,410356764,0,177175960
2465,34,777177650,18073775,34872,382018914,407286584,0,152398748
2466,19,330563436,16162550,34397,382018914,169389785,0,928634653
2467,35,777177650,723191,34894,483467692,426642468,0,686513380
2468,112,777177650,16062701,35588,483467692,502070148,0,907029267
2469,124,777177650,19207423,35393,527479233,1026278932,0,1289389
2470,58,777177650,10496633,35537,1030545334,298259103,0,467950355
2471,89,777177650,3493631,35864,483467692,103888655,0,142423961
2496,136,330563436,14039060,34341,919150108,1027283881,0,612621154
2497,47,330563436,17132648,33841,382018914,389527799,0,1008349430
2498,97,330563436,4551427,34279,527479233,527925955,0,682201577
2499,121,777177650,14724385,34964,382018914,450317266,0,309429267
2500,133,330563436,13112282,33829,919150108,86425258,0,741828783
2501,67,777177650,7938050,35573,527479233,607601416,0,559653949
2502,70,330563436,3347040,34115,483467692,426642468,0,623681000
2503,7,330563436,18367108,34138,1030545334,660397547,0,382319338
2528,55,330563436,9206962,34656,382018914,281548201,0,973166689
2529,136,777177650,410430,35295,919150108,482999172,0,1014367588
2530,128,330563436,5885311,34412,1030545334,1027915477,0,949668757
2531,44,777177650,14321285,35189,483467692,1039128806,0,412981854
2532,94,777177650,11609349,34981,919150108,715120063,0,949864863
2533,50,777177650,16849503,35511,382018914,370191360,0,428471186
2534,76,777177650,20278454,35261,1030545334,532998809,0,1042631097
2535,121,330563436,6701830,34112,527479233,256471032,0,36916148
2560,131,330563436,15342679,33850,382018914,649013128,0,845807686
2561,58,777177650,13747357,35746,382018914,55880225,0,38997754
2562,10,330563436,13636037,33815,382018914,567952341,0,49321305
2563,62,330563436,16895210,34290,483467692,768212062,0,278889574
2564,77,330563436,396747,34584,919150108,1063358163,0,925981131
2565,56,777177650,20443857,35852,1030545334,942930550,0,455821591
2566,86,330563436,8999248,33885,1030545334,307468045,0,36334145
2567,70,777177650,26341128,35851,919150108,853211138,0,647029127
2592,101,330563436,822595,34031,483467692,204856984,0,329522808
2593,92,330563436,13472609,34214,919150108,534253774,0,112458772
2594,79,330563436,9486639,33953,382018914,829866435,0,832079243
2595,74,777177650,17313020,35045,483467692,17515840,0,619926897
2596,43,777177650,7494013,35292,382018914,914655609,0,28189550
2597,104,330563436,2196466,34002,919150108,322360209,0,311225842
2598,112,777177650,8487150,35127,1030545334,21555248,0,62249974
2599,149,777177650,6280713,35374,919150108,1050271488,0,795593293
2624,52,777177650,2714863,35395,527479233,906486969,0,784492673
2625,40,330563436,3938274,33889,483467692,312426922,0,549427281
2626,139,777177650,8431451,34948,483467692,531065799,0,887161477
2627,149,330563436,2679865,33685,1030545334,74193575,0,848602912
2628,56,330563436,16565599,34262,527479233,437461898,0,632022473
2629,139,777177650,9645803,35889,527479233,1051130690,0,971253772
2630,85,330563436,12713251,33899,527479233,630989643,0,280577925
2631,37,330563436,6310332,34234,527479233,950067720,0,195872568
2656,77,330563436,10549237,34091,382018914,253109335,0,586914519
2657,25,777177650,14817606,34987,919150108,451885859,0,758104536
2658,14,777177650,16383446,34963,1030545334,77732292,0,122362838
2659,83,330563436,7978552,34319,483467692,516564752,0,495557393
2660,127,777177650,1692250,34914,527479233,18209149,0,106236920
2661,74,777177650,10603684,35432,1030545334,257723852,0,499871404
2662,37,777177650,8768988,35296,1030545334,479118199,0,232149118
2663,95,777177650,3513180,34946,382018914,804243021,0,467024892
2688,98,330563436,18107736,33625,919150108,199472989,0,1071152557
2689,103,330563436,4155278,33701,483467692,250638172,0,192207397
2690,94,777177650,22467427,35153,1030545334,138967616,0,535996299
2691,7,330563436,3013717,33722,527479233,922489220,0,1068286588
2692,62,777177650,2426524,35764,1030545334,308377516,0,681985069
2693,19,777177650,6615813,35310,382018914,356224523,0,431587525
2694,121,777177650,10280759,35136,527479233,1050271488,0,139165161
2695,58,777177650,13858420,35295,382018914,643246197,0,142164608
2720,31,330563436,16130704,34126,382018914,889717204,0,1029641595
2721,79,777177650,5918025,35089,919150108,293169817,0,690435615
2722,35,330563436,5032884,34431,527479233,404933390,0,534681954
2723,61,777177650,10475925,34976,527479233,437461898,0,381373138
2724,137,330563436,11606966,34589,919150108,257723852,0,880681997
2725,89,330563436,7514467,34473,483467692,219744748,0,561311199
2726,7,330563436,4775300,33933,527479233,315543346,0,900722687
2727,74,777177650,308942,35902,483467692,251922516,0,722380274
2752,59,330563436,18793230,34290,919150108,645535178,0,5525197
2753,16,330563436,15972039,34301,919150108,766095373,0,203505426
2754,145,330563436,2598552,34425,919150108,173315518,0,500843623
2755,118,330563436,10120218,33639,483467692,820249550,0,511723571
2756,118,330563436,14232338,34440,382018914,533573103,0,47161055
2757,76,777177650,8979248,34898,919150108,345082119,0,911632596
2758,43,777177650,3667187,35986,527479233,528629814,0,638347087
2759,116,330563436,8973110,34296,483467692,470228220,0,939768102
2784,95,777177650,10663521,35800,382018914,199177470,0,807830747
2785,148,777177650,13285479,34899,919150108,142311790,0,768095106
2786,79,330563436,17825466,33683,919150108,837605017,0,1071642854
2787,103,777177650,372614,34970,382018914,62247322,0,865893084
2788,124,330563436,1717266,34597,382018914,321287243,0,446704491
2789,37,777177650,21912327,35866,919150108,1045303502,0,520792486
2790,25,330563436,17745897,34563,919150108,826800714,0,799283625
2791,121,330563436,15669754,34615,919150108,391677310,0,188140948
2816,58,330563436,4222553,34595,919150108,531065799,0,707012067
2817,40,330563436,7145385,34441,1030545334,757248804,0,673017032
2818,49,330563436,12008684,34678,1030545334,1031675481,0,399302411
2819,103,330563436,6692716,34457,382018914,1016266216,0,573114683
2820,19,330563436,14381339,34472,1030545334,906230140,0,744548486
2821,118,330563436,3659248,34188,1030545334,404251857,0,899533766
2822,79,330563436,4014215,34174,919150108,411115736,0,934184279
2823,79,777177650,17189445,34949,919150108,875156195,0,795372645
2848,70,330563436,11625853,33671,382018914,574398530,0,739520053
2849,46,777177650,18005429,35183,919150108,143047463,0,340919258
2850,100,777177650,12296979,35338,919150108,186917638,0,390322785
2851,145,777177650,785936,35678,527479233,973782226,0,902501972
2852,91,330563436,9905081,33983,382018914,32684337,0,7874004
2853,94,330563436,10364115,34457,919150108,308377516,0,3021856
2854,139,330563436,15356801,34510,382018914,401573963,0,377301445
2855,49,330563436,4841958,34061,483467692,1066954898,0,286429057
2880,8,330563436,14576199,33676,919150108,220183953,0,1020183281
2881,100,330563436,4569584,33732,527479233,165759310,0,386319463
2882,121,777177650,17287237,34931,919150108,186573168,0,550080006
2883,121,330563436,17036027,34720,527479233,872565884,0,270833158
2884,92,777177650,7168384,35713,1030545334,439497398,0,164582951
2885,7,330563436,14689672,33864,483467692,689560195,0,897273553
2886,109,330563436,9452723,34649,483467692,29883527,0,387835601
2887,109,777177650,2857139,35574,527479233,973782226,0,550581984
2912,94,330563436,2772752,33673,527479233,769051927,0,410815747
2913,43,777177650,13070219,35621,1030545334,414428740,0,1222448
2914,109,330563436,6086714,34029,1030545334,643005967,0,1020236487
2915,94,330563436,9601513,34422,527479233,654881397,0,1033233605
2916,8,777177650,2018222,35058,919150108,820323820,0,920198165
2917,91,777177650,10071413,35771,483467692,28601268,0,951315153
2918,118,777177650,2176009,35314,1030545334,922489220,0,568547808
2919,53,330563436,13722314,34311,919150108,128788123,0,88614144
2944,14,777177650,14658114,35695,483467692,32684337,0,697746480
2945,29,777177650,22350772,35065,919150108,73421828,0,837279038
2946,125,777177650,10222659,35098,527479233,493006880,0,50320978
2947,70,836745293,4336095,34813,382018914,84541416,0,826417568
2948,44,330563436,10075871,34567,527479233,522237266,0,976958368
2949,137,330563436,9423171,34434,919150108,863348216,0,271248894
2950,136,777177650,18362033,35615,382018914,950067720,0,979144388
2951,74,777177650,12550917,35099,919150108,1051130690,0,795490818
2976,29,330563436,14576847,34311,483467692,46146051,0,266274150
2977,73,777177650,2517088,35302,1030545334,800611761,0,561322031
2978,44,836745293,13954214,34820,382018914,1010048820,0,100686875
2979,133,777177650,11678998,35145,1030545334,80785109,0,715101028
2980,4,777177650,18751411,35320,1030545334,922396659,0,257035224
2981,49,777177650,3777679,36003,527479233,155972164,0,453564816
2982,85,330563436,5558294,34775,919150108,356958305,0,67181693
2983,62,330563436,5816807,33608,382018914,81945682,0,583672489
3008,40,777177650,15601874,35009,1030545334,522237266,0,748169426
3009,55,777177650,10842494,35487,382018914,302098132,0,502319592
3010,8,777177650,14164707,35088,919150108,243275840,0,646772999
3011,91,330563436,4641885,33615,527479233,767596232,0,452921754
3012,32,330563436,9167866,34092,382018914,307468045,0,448751273
3013,143,777177650,15640740,35464,527479233,947630432,0,331932033
3014,29,330563436,19415959,33905,483467692,697457527,0,132852853
3015,103,330563436,11082683,33872,527479233,837142724,0,622276960
3040,112,330563436,11920164,34069,1030545334,866575097,0,340760286
3041,113,777177650,2303946,35582,527479233,652468680,0,280375874
3042,20,330563436,10452303,34657,1030545334,515384488,0,56121215
3043,44,330563436,7822169,33717,527479233,495484745,0,660853209
3044,53,777177650,5243354,35156,919150108,837855014,0,948775600
3045,50,777177650,8582267,34967,382018914,855828846,0,854118751
3046,32,777177650,11781752,35031,919150108,960245413,0,1054105353
3047,25,777177650,3788131,35508,382018914,579610365,0,476193963
3072,23,330563436,8747582,34362,483467692,356224523,0,35445212
3073,136,330563436,15141950,34340,1030545334,536894137,0,969336109
3074,67,330563436,8586193,33907,527479233,803592118,0,48834483
3075,127,330563436,3769669,34459,1030545334,733807844,0,127138332
3076,92,330563436,9382815,34171,919150108,811632345,0,853792966
3077,121,777177650,9929001,35646,919150108,1043847119,0,942418885
3078,49,330563436,4631083,34010,919150108,610944115,0,528695754
3079,100,777177650,14829904,35683,527479233,551789140,0,532221396
3104,70,330563436,10269361,34226,1030545334,624171918,0,737194497
3105,137,777177650,12539680,35380,483467692,873561601,0,737669854
3106,145,777177650,13249497,35440,1030545334,340105228,0,287406655
3107,26,777177650,10740626,35661,382018914,177167054,0,435824725
3108,85,330563436,6327800,34184,382018914,357414855,0,1012644851
3109,124,330563436,21610485,34172,527479233,324851128,0,764059393
3110,88,330563436,11516129,34683,919150108,798568506,0,52159446
3111,133,777177650,15438337,34934,527479233,465385449,0,512998764
3136,23,330563436,14542610,34554,483467692,186573168,0,78891816
3137,136,777177650,895865,34904,1030545334,339643682,0,1014053725
3138,139,330563436,13957918,34372,483467692,549919339,0,733388263
3139,17,330563436,4097596,33603,1030545334,75052175,0,1070085583
3140,145,330563436,5435610,33701,382018914,737511318,0,948925645
3141,26,777177650,11595996,35011,382018914,403518783,0,669319879
3142,8,330563436,1603015,33781,1030545334,555374506,0,298253915
3143,107,330563436,13564768,34015,382018914,595134141,0,183834478
3168,136,330563436,6941271,33631,527479233,998490225,0,281218967
3169,19,330563436,12680490,34322,1030545334,800611761,0,532212537
3170,5,777177650,19014217,35741,382018914,414145728,0,69202282
3171,47,330563436,8440578,34063,527479233,743070561,0,618024433
3172,89,330563436,12136083,33756,483467692,205194836,0,251461412
3173,148,777177650,6489273,35285,527479233,244197604,0,616232473
3174,127,777177650,9285691,35016,527479233,129378495,0,809498986
3175,44,330563436,20528263,34528,527479233,520115015,0,38729502
3200,13,777177650,13110331,35100,382018914,1034037627,0,525538328
3201,97,330563436,9075531,34150,483467692,425603575,0,154290347
3202,88,330563436,5060101,33960,527479233,1060999602,0,810162761
3203,127,777177650,4935772,35737,919150108,643680323,0,800884235
3204,10,330563436,4157342,33962,382018914,401231326,0,777097079
3205,148,330563436,15363779,33703,527479233,167445592,0,531226839
3206,122,777177650,6434486,35284,382018914,744964893,0,870140614
3207,22,777177650,13303859,35840,382018914,238615712,0,311786345
3232,82,330563436,5561901,33884,382018914,763437330,0,413794505
3233,140,330563436,5412192,34629,527479233,315543346,0,320462665
3234,14,777177650,14734368,35158,483467692,1064564625,0,41326076
3235,46,777177650,10469509,35016,527479233,3982295,0,323807230
3236,142,777177650,3947039,35373,483467692,936066263,0,627856926
3237,19,330563436,1050812,33756,382018914,551218827,0,9517816
3238,61,330563436,4137569,34019,527479233,644523916,0,648899274
3239,35,777177650,15680279,35805,483467692,29883527,0,135224873
3264,94,777177650,16263453,35369,527479233,607018085,0,936045151
3265,53,330563436,4331515,33780,382018914,641188501,0,362442959
3266,4,836745293,6830928,34773,527479233,210584776,0,42717961
3267,112,777177650,3399890,35435,527479233,1064067826,0,58866457
3268,142,330563436,3602496,34508,527479233,444850848,0,1054437197
3269,17,777177650,21869785,35123,1030545334,313781122,0,797348520
3270,38,777177650,16666985,35576,382018914,504766485,0,644688802
3271,34,330563436,8653405,33602,382018914,573208518,0,214141146
3296,148,330563436,18755335,34624,1030545334,693058089,0,523714210
3297,139,330563436,967945,33909,919150108,332885810,0,333017076
3298,116,777177650,6271667,35170,527479233,399182102,0,392248446
3299,91,330563436,4286792,34327,1030545334,2312417,0,264509511
3300,118,777177650,2704922,34893,527479233,71562003,0,152911446
3301,133,330563436,4849709,34579,483467692,364032631,0,951643400
3302,34,777177650,3833042,35015,919150108,1064564625,0,669501329
3303,145,777177650,9775828,35776,483467692,922396659,0,1063658119
3328,7,330563436,13958085,33925,527479233,58573363,0,805812223
3329,4,777177650,4610770,34881,919150108,374882469,0,781124049
3330,7,330563436,4325519,34685,382018914,700173790,0,869031580
3331,91,330563436,6518917,34108,919150108,58568181,0,632579157
3332,143,330563436,7373906,34641,382018914,239842792,0,419753000
3333,92,330563436,19797322,33861,483467692,554021523,0,6795697
3334,76,777177650,2893068,35111,527479233,887227449,0,836577851
3335,49,777177650,11260334,34985,1030545334,235983394,0,450766731
3360,103,777177650,16875048,35816,527479233,450188979,0,806303153
3361,49,330563436,7502650,33837,483467692,294637636,0,541738345
3362,140,777177650,18317660,34907,527479233,713327920,0,941718025
3363,52,777177650,9101761,34963,919150108,1045287646,0,10515426
3364,46,777177650,10841257,35600,382018914,689560195,0,959152558
3365,82,330563436,17463412,34645,919150108,252634506,0,910126427
3366,52,777177650,1360308,35566,382018914,451885859,0,855518769
3367,73,330563436,10133968,33967,483467692,653909718,0,916391777
3392,74,777177650,9605742,34998,382018914,364032631,0,978525189
3393,98,777177650,18310471,34882,919150108,891548663,0,550439509
3394,149,777177650,16216594,35188,483467692,765057631,0,659120183
3395,149,330563436,14148676,34635,483467692,410372609,0,436653986
3396,149,330563436,19644316,34473,1030545334,919478620,0,454721781
3397,130,330563436,8008461,34506,1030545334,752870490,0,499299410
3398,67,777177650,114742,35329,382018914,644523916,0,490836832
3399,122,836745293,5693816,34756,483467692,475988087,0,801233593
3424,103,777177650,4241057,35296,382018914,151465379,0,624055804
3425,115,777177650,15704057,35153,483467692,345495106,0,583169759
3426,53,777177650,9192993,35352,1030545334,189338025,0,312981435
3427,4,777177650,13345114,35577,483467692,536894137,0,433648034
3428,10,777177650,8804704,35160,527479233,952710790,0,106520437
3429,146,777177650,14190254,35434,483467692,62780738,0,341135
3430,113,330563436,16106622,34678,483467692,401706961,0,704271658
3431,47,330563436,4553627,34201,382018914,922489220,0,961224867
3456,46,330563436,3279635,34119,527479233,592158374,0,468358568
3457,25,836745293,17422320,34814,483467692,601516552,0,74720913
3458,95,330563436,15306914,34688,919150108,186917638,0,98054014
3459,119,330563436,12713405,34541,483467692,479437781,0,740484406
3460,82,777177650,24597674,34973,919150108,407286584,0,902752138
3461,100,330563436,19096069,33998,382018914,856407972,0,69710612
3462,133,777177650,6359017,35565,1030545334,1032506014,0,153188786
3463,89,330563436,8525556,34197,382018914,210584776,0,425126645
3488,148,330563436,9271617,34705,1030545334,235983394,0,578653109
3489,109,330563436,6245397,34177,1030545334,253109335,0,874511750
3490,91,777177650,10010696,35574,527479233,125947483,0,647558315
3491,83,777177650,5028706,35968,382018914,552523129,0,489155974
3492,103,330563436,16872145,34660,527479233,469996927,0,825143563
3493,82,330563436,4168610,34203,919150108,683502586,0,829575834
3494,49,330563436,13605870,34061,527479233,446876146,0,1065412094
3495,31,777177650,5866679,35119,919150108,355855130,0,152327005
3520,125,777177650,15123365,35644,382018914,748131402,0,1073162679
3521,7,330563436,14202967,33901,527479233,224009476,0,927437869
3522,26,330563436,15151507,34601,527479233,666343547,0,1004620371
3523,149,777177650,12965708,35890,919150108,995567911,0,1060480599
3524,94,330563436,2276749,33725,919150108,365619293,0,84687764
3525,109,777177650,10074960,35053,483467692,943816672,0,318990235
3526,56,330563436,5382734,34772,527479233,269100086,0,847452643
3527,56,777177650,14523209,35600,527479233,541513787,0,1020472301
3552,35,777177650,10365644,35541,919150108,1066954898,0,683275773
3553,91,330563436,11983814,34470,1030545334,31715955,0,904744716
3554,44,777177650,9833561,34865,527479233,243275840,0,725427247
3555,46,777177650,13444237,35251,527479233,400693438,0,983286556
3556,16,330563436,11468155,33868,483467692,278536433,0,822809924
3557,121,330563436,8547789,33915,919150108,1027915477,0,471875089
3558,28,777177650,11291200,35122,382018914,46236452,0,609311526
3559,106,330563436,3072249,33899,1030545334,474924713,0,485451608
3584,13,777177650,8048797,35651,382018914,138967616,0,912458771
3585,139,330563436,15901539,34659,919150108,708541068,0,37044721
3586,121,330563436,11284504,34306,919150108,715267408,0,783330953
3587,79,777177650,17479897,35193,483467692,341450815,0,390341039
3588,119,330563436,20792583,34775,483467692,323232623,0,791991092
3589,31,330563436,3910337,34478,919150108,748131402,0,822515255
3590,149,836745293,21848270,34830,527479233,434710467,0,937280334
3591,136,330563436,9814086,34309,1030545334,607601416,0,126611588
3616,128,330563436,6093329,34379,483467692,941678656,0,185062417
3617,40,777177650,12620542,35141,1030545334,1032535324,0,876334115
3618,10,777177650,13695481,35775,1030545334,174273885,0,910317787
3619,149,777177650,22227454,35387,919150108,495226185,0,843492238
3620,44,777177650,5929175,35494,527479233,700173790,0,1068726566
3621,142,330563436,10615005,34093,1030545334,560796557,0,361396693
3622,91,777177650,10920290,35028,527479233,19909882,0,504544646
3623,4,777177650,17501768,35423,382018914,863348216,0,148633584
3648,125,330563436,18041711,34135,527479233,54014137,0,666514448
3649,40,330563436,12447032,34519,527479233,3982295,0,410509653
3650,46,330563436,18954757,33750,483467692,105294846,0,993879905
3651,100,777177650,11319145,35910,382018914,17515840,0,271944580
3652,107,777177650,10773223,35484,483467692,678476070,0,626276024
3653,40,330563436,14286639,34418,382018914,356958305,0,415268336
3654,7,330563436,22265354,33756,527479233,403518783,0,1065077345
3655,49,330563436,7488222,33881,382018914,556636487,0,306441251
3680,127,330563436,12440259,33946,483467692,18136617,0,706983385
3681,52,330563436,3688965,33696,382018914,973782226,0,203537791
3682,32,777177650,6752542,35450,919150108,225488133,0,26973012
3683,88,330563436,9996046,34030,919150108,172857139,0,755990439
3684,23,330563436,8950991,34168,919150108,219744748,0,97699683
3685,16,330563436,15495889,33618,1030545334,219237889,0,82224542
3686,40,777177650,8219077,35981,919150108,550533009,0,801044479
3687,43,330563436,9985138,34001,382018914,400693438,0,176047715
3712,64,330563436,12752705,33603,919150108,942930550,0,574658083
3713,149,777177650,21534263,35920,1030545334,364032631,0,218031522
3714,40,777177650,8449355,35914,1030545334,879978209,0,957224716
3715,65,777177650,6400093,35140,382018914,522919037,0,627036300
3716,43,777177650,14622166,35659,483467692,272570778,0,900131173
3717,28,777177650,17652553,35947,483467692,272248078,0,384674202
3718,31,777177650,6319554,35359,919150108,482953978,0,126998574
3719,118,777177650,13990271,35475,919150108,814970799,0,808923170
3744,65,330563436,3308568,33611,1030545334,109778144,0,943418113
3745,112,330563436,1940573,34239,527479233,74193575,0,1025003463
3746,74,330563436,8001853,34586,483467692,345495106,0,1012936730
3747,149,777177650,20435565,35295,382018914,297638435,0,261396461
3748,53,777177650,8380438,35852,382018914,303356208,0,236559768
3749,38,836745293,8707389,34752,1030545334,638918187,0,10600075
3750,97,836745293,17718167,34817,1030545334,315177642,0,725262491
3751,10,330563436,20291772,34449,483467692,29894176,0,344365916
3776,85,330563436,15034992,33926,919150108,250638172,0,199198933
3777,28,330563436,8246728,34430,1030545334,86869457,0,27752124
3778,106,330563436,22103631,34113,382018914,800457772,0,462624969
3779,74,777177650,3153894,35433,483467692,737511318,0,770618704
3780,41,777177650,6538542,35166,527479233,887051050,0,362846759
3781,139,777177650,13386482,35234,382018914,104538374,0,745049238
3782,65,777177650,14509617,35299,382018914,249399836,0,951412293
3783,44,330563436,15501792,34307,483467692,733270419,0,118923968
3808,79,330563436,22805401,34446,382018914,54014137,0,1034492262
3809,148,777177650,14307070,35184,527479233,36938819,0,105663678
3810,100,330563436,12467527,33862,382018914,302893045,0,768956163
3811,80,777177650,15496789,35899,1030545334,446240719,0,853090521
3812,41,777177650,7050252,35288,1030545334,419314547,0,703195249
3813,146,777177650,7724705,35973,382018914,560258212,0,96205340
3814,118,836745293,14945188,34750,527479233,177167054,0,439659036
3815,104,777177650,1427501,35666,382018914,310644230,0,117486666
3840,100,777177650,18715638,35991,483467692,234868916,0,193703695
3841,58,330563436,12903313,34610,483467692,521529826,0,453037993
3842,28,330563436,13144703,33701,527479233,575772390,0,35900649
3843,10,777177650,3403517,35432,483467692,401231326,0,928351949
3844,79,330563436,679345,34695,382018914,923563413,0,645137780
3845,89,330563436,13433332,33718,382018914,536894137,0,950783346
3846,49,777177650,12312006,35829,919150108,755443911,0,345157095
3847,34,330563436,701431,34038,527479233,826979050,0,963691559
3872,134,777177650,19853868,35312,527479233,164101677,0,562837507
3873,55,777177650,9529179,35882,483467692,118134170,0,192431681
3874,119,330563436,6645534,34127,1030545334,1052364112,0,632378743
3875,118,777177650,7448395,35681,382018914,526678644,0,697617251
3876,29,777177650,9512632,35277,527479233,362043640,0,842730892
3877,17,330563436,17849201,34108,527479233,870433814,0,590499623
3878,88,777177650,5998966,35510,382018914,763437330,0,933978797
3879,142,777177650,8027422,35024,382018914,793811779,0,994823976
3904,149,777177650,3933844,35747,483467692,772055276,0,53344876
3905,22,330563436,5622704,34322,483467692,515384488,0,364231137
3906,46,330563436,14563076,33750,1030545334,800075590,0,419579179
3907,67,330563436,24045756,33833,1030545334,943816672,0,779545561
3908,43,330563436,5712771,34035,1030545334,774826836,0,493721020
3909,22,777177650,8274674,36001,382018914,416383800,0,931126652
3910,64,777177650,4727267,35301,1030545334,31715955,0,498036042
3911,10,836745293,3501994,34773,483467692,644523916,0,323763003
3936,32,777177650,16861839,35374,919150108,690212932,0,760473105
3937,94,777177650,18751629,35762,483467692,922389215,0,759271650
3938,31,330563436,4691822,34029,382018914,322685847,0,410542847
3939,70,777177650,872045,35073,527479233,6778098,0,621602258
3940,149,777177650,12901284,35107,527479233,476829975,0,389624995
3941,136,777177650,9545380,35304,919150108,16217384,0,573221857
3942,76,330563436,3859681,34146,483467692,786622115,0,568216490
3943,40,777177650,6031497,35345,527479233,103797486,0,832646957
3968,25,777177650,12170445,35476,483467692,670892012,0,599619638
3969,52,777177650,16979740,35562,919150108,255557624,0,335141042
3970,76,330563436,16370985,33688,1030545334,151465379,0,139189179
3971,104,777177650,4792547,35242,527479233,1043482837,0,586384039
3972,124,330563436,186119,34443,1030545334,557583961,0,736551402
3973,103,330563436,9154148,33685,483467692,498807943,0,331602870
3974,94,777177650,5677906,35127,483467692,585975485,0,827470180
3975,118,777177650,3780443,34798,1030545334,482953978,0,611469529
4000,70,330563436,8405393,33605,527479233,417942627,0,328699867
4001,115,777177650,9592946,35563,1030545334,308377516,0,85985659
4002,104,777177650,7651811,35526,527479233,637006281,0,136987411
4003,112,330563436,1760300,33994,382018914,820249550,0,922338168
4004,70,330563436,22071514,34094,1030545334,1008910412,0,948032865
4005,140,777177650,12906213,35387,919150108,573910759,0,248947391
4006,35,330563436,7055705,34701,1030545334,109778144,0,147481084
4007,8,330563436,11619397,34136,919150108,109207948,0,919373599
4032,10,777177650,6249751,35850,1030545334,923563413,0,774944237
4033,83,330563436,5774074,34120,527479233,74193575,0,958544429
4034,94,330563436,18691251,34285,483467692,24636074,0,512243926
4035,118,330563436,2284021,33651,527479233,637006281,0,750025704
4036,47,777177650,8256310,35544,1030545334,398654372,0,571343732
4037,121,330563436,3638943,34050,919150108,58573363,0,422982059
4038,94,777177650,15504539,35068,382018914,821795177,0,286171336
4039,29,777177650,14375301,35748,382018914,1007903575,0,466092483
4064,130,777177650,14850071,35346,483467692,215631931,0,108810216
4065,80,330563436,15634564,34492,382018914,669364013,0,475048824
4066,32,777177650,17691121,35455,483467692,866917083,0,531230348
4067,16,330563436,13651734,33882,919150108,410345611,0,830308680
4068,125,777177650,7185267,35324,1030545334,778947825,0,1052931684
4069,73,330563436,19881613,33735,1030545334,429931095,0,633571373
4070,29,777177650,9827537,34860,919150108,234868916,0,212017982
4071,148,777177650,6778942,35321,483467692,907779842,0,697158282
4096,139,330563436,8108961,33786,483467692,97840029,0,247028165
4097,10,777177650,13430804,35207,382018914,403518783,0,657143671
4098,23,777177650,4847854,35372,483467692,121362185,0,144436943
4099,17,330563436,20736480,33835,382018914,827324687,0,839728345
4100,4,777177650,389277,35134,1030545334,634461868,0,309908906
4101,142,330563436,2164010,34293,483467692,1184297,0,208853282
4102,22,777177650,12878657,35139,382018914,303031109,0,146548641
4103,106,330563436,3816423,33786,527479233,826800714,0,842585256
4128,139,777177650,547217,34977,483467692,141398230,0,393612325
4129,32,330563436,6722628,34144,1030545334,648495959,0,681028064
4130,104,777177650,4782304,35132,527479233,157609168,0,526341822
4131,44,777177650,14597160,35823,382018914,732597354,0,116754559
4132,19,836745293,6560108,34846,483467692,483682045,0,520046956
4133,101,330563436,3169388,33821,483467692,941678656,0,713111930
4134,97,330563436,12519112,34709,382018914,28420584,0,244498814
4135,37,777177650,9957755,35497,1030545334,528310972,0,423261242
4160,55,777177650,8249307,35295,527479233,189338025,0,424807052
4161,118,330563436,19899521,34200,527479233,652618348,0,61868437
4162,22,330563436,7235955,33642,527479233,523213283,0,71526952
4163,64,330563436,1149380,33957,919150108,941678656,0,667057138
4164,94,777177650,870916,35977,919150108,199472989,0,299465306
4165,4,777177650,1140540,35634,1030545334,813308974,0,1041487582
4166,43,330563436,10067106,34026,527479233,322360209,0,384213296
4167,28,777177650,6210845,35961,382018914,910382867,0,563138964
4192,146,777177650,19719295,35902,382018914,466561773,0,281172794
4193,4,330563436,14319154,34341,919150108,998549028,0,156061943
4194,106,330563436,6297229,34621,1030545334,964379550,0,1016898168
4195,104,330563436,5447895,34116,483467692,479437781,0,719989949
4196,106,777177650,20145598,35928,1030545334,887227449,0,3297292
4197,92,777177650,21770903,35288,483467692,769170624,0,73394757
4198,143,777177650,10578901,35595,1030545334,89154740,0,633043567
4199,5,330563436,3049462,33645,382018914,1066485956,0,31931859
4224,70,777177650,15065544,35623,382018914,814970799,0,663105301
4225,128,777177650,7253307,35582,1030545334,734331529,0,314399960
4226,92,330563436,2982744,34035,527479233,778947825,0,661850332
4227,133,330563436,9226108,34752,382018914,339643682,0,468535038
4228,110,777177650,2207216,35515,527479233,1066485956,0,895974603
4229,14,777177650,7514587,35855,382018914,619515379,0,725253547
4230,140,330563436,21970960,33665,382018914,269100086,0,557400378
4231,86,777177650,11140366,35752,483467692,661479138,0,422453735
4256,118,330563436,2306748,33697,483467692,555374506,0,482459938
4257,17,836745293,4172386,34781,1030545334,410372609,0,49745160
4258,92,777177650,13382935,35363,483467692,269100086,0,220951306
4259,104,777177650,1291870,35710,527479233,271202045,0,776001415
4260,142,330563436,1856614,33738,483467692,650627696,0,239798622
4261,118,330563436,8366520,33878,382018914,391677310,0,885552879
4262,88,777177650,17627857,35279,1030545334,1031102955,0,688137517
4263,4,777177650,15888582,35868,382018914,641188501,0,113707417
4288,34,330563436,7503081,33940,483467692,277499506,0,1049110852
4289,125,330563436,2075262,34247,1030545334,142734153,0,154536533
4290,41,330563436,2612899,34712,1030545334,995567911,0,997263479
4291,89,330563436,7182286,34300,1030545334,754922986,0,157459613
4292,25,330563436,14590624,33610,1030545334,559376519,0,63349902
4293,103,777177650,19832291,35295,919150108,110096788,0,94412882
4294,49,330563436,23219474,33829,1030545334,43049297,0,940281979
4295,5,777177650,7775462,35103,1030545334,748131402,0,1054195756
4320,115,777177650,6704937,35405,483467692,72443662,0,1023689385
4321,16,330563436,11889695,34531,1030545334,657054353,0,908051150
4322,142,777177650,14967192,35865,1030545334,733807844,0,215163099
4323,104,330563436,2759817,34355,919150108,934525942,0,191332633
4324,73,777177650,17824905,34895,382018914,321496747,0,782109929
4325,130,777177650,2021449,35262,919150108,947630432,0,1012166779
4326,29,777177650,3904894,35363,483467692,229358217,0,157326279
4327,146,836745293,12623535,34772,919150108,600901946,0,606455970
4352,14,777177650,1865309,35758,919150108,776398755,0,269284046
4353,73,777177650,2181530,35774,919150108,536474573,0,364004303
4354,145,330563436,17982712,34605,483467692,915975806,0,319807581
4355,4,777177650,18637023,35383,382018914,645491584,0,335137715
4356,97,330563436,3982851,34433,527479233,556559552,0,498726372
4357,47,777177650,6704594,35724,483467692,853211138,0,816535556
4358,25,777177650,4629853,35652,382018914,422668600,0,34119234
4359,16,330563436,10782440,34029,382018914,690683074,0,979100331
4384,25,330563436,5256216,33796,382018914,172335340,0,666759270
4385,122,777177650,3919062,35281,919150108,324959221,0,243856483
4386,61,777177650,13441357,35830,527479233,397553233,0,418986586
4387,110,777177650,11674067,34993,382018914,893997646,0,948569155
4388,10,777177650,6966822,35150,919150108,277737983,0,194087145
4389,55,330563436,12032482,34457,1030545334,62703327,0,17849553
4390,7,836745293,14060869,34840,382018914,894068361,0,683558510
4391,38,330563436,4828406,33650,919150108,1004416405,0,207645775
4416,149,330563436,7606710,33783,527479233,21555248,0,693095404
4417,67,777177650,6086839,35983,382018914,376136666,0,53719535
4418,61,330563436,4709971,34051,1030545334,255557624,0,260003951
4419,104,777177650,9403043,35226,483467692,654881397,0,879785650
4420,109,330563436,608841,34501,382018914,97840029,0,3431681
4421,10,777177650,25877902,35522,1030545334,609815240,0,674034702
4422,70,836745293,10714022,34839,1030545334,585975485,0,529566065
4423,64,330563436,491306,34745,527479233,45133974,0,598055542
4448,70,777177650,12719147,35934,919150108,869444433,0,961668392
4449,10,777177650,4820614,35832,527479233,382135347,0,1068194495
4450,106,777177650,11019431,35624,382018914,800075590,0,846746354
4451,4,330563436,9285180,34606,382018914,74193575,0,571193713
4452,13,330563436,6483866,34504,527479233,382159559,0,858372185
4453,65,777177650,13703040,35519,1030545334,993393971,0,383189571
4454,142,330563436,15957894,34365,527479233,526809877,0,644241210
4455,19,330563436,10253463,34251,1030545334,592158374,0,271120406
4480,85,330563436,2865826,34422,483467692,835577513,0,84871363
4481,148,777177650,7770539,35152,527479233,341450815,0,533109767
4482,82,836745293,6353556,34832,483467692,835577513,0,653166147
4483,52,330563436,12659721,33668,1030545334,1045287646,0,449609635
4484,131,777177650,23794761,35421,382018914,186917638,0,567719018
4485,53,330563436,18243217,34649,1030545334,957841791,0,656799634
4486,37,777177650,13561318,35855,919150108,201124567,0,706150834
4487,46,330563436,10946990,34021,1030545334,419557390,0,89199027
4512,70,777177650,14868282,34995,527479233,690683074,0,331886451
4513,85,777177650,11982038,35137,527479233,1064137039,0,589808423
4514,97,330563436,14389985,34452,1030545334,905402610,0,68599925
4515,140,330563436,16174544,33678,382018914,521756100,0,1022970351
4516,130,330563436,3594914,34420,1030545334,487545058,0,262124685
4517,113,777177650,4761408,35859,483467692,793811779,0,1055014681
4518,125,777177650,2586174,35549,1030545334,800457772,0,263613582
4519,136,330563436,6888566,34056,483467692,585975485,0,866954189
4544,112,777177650,15114881,35647,1030545334,401164209,0,538933487
4545,59,330563436,14327628,33984,483467692,439528400,0,114979932
4546,43,777177650,3990687,34907,527479233,527925955,0,794252394
4547,109,330563436,5211401,34202,1030545334,595134141,0,810875301
4548,127,777177650,13991523,35242,527479233,90557431,0,382031718
4549,64,777177650,4388917,35857,483467692,23537735,0,841999592
4550,118,330563436,2746148,34695,919150108,272570778,0,882653541
4551,109,777177650,8282414,35102,919150108,857938784,0,116140713
4576,139,777177650,5693610,35289,527479233,90557431,0,453198030
4577,79,777177650,10425988,35915,527479233,778902010,0,504577383
4578,91,330563436,9576193,33858,527479233,249399836,0,838993282
4579,106,777177650,8592785,35032,919150108,736472541,0,759214714
4580,82,330563436,11846465,34286,483467692,864237509,0,343476254
4581,79,330563436,8959211,33849,483467692,325853957,0,593464373
4582,19,777177650,1824786,35248,382018914,404933390,0,125541038
4583,22,330563436,20649543,34600,1030545334,993998713,0,736840795
4608,80,330563436,15776785,34500,382018914,91904518,0,794410863
4609,133,777177650,7046284,35402,1030545334,1031102955,0,687521472
4610,26,330563436,13593460,34136,527479233,901823498,0,131230924
4611,29,330563436,16650622,33977,919150108,961453173,0,193069670
4612,61,330563436,8259887,34230,1030545334,161751038,0,189697513
4613,133,777177650,21233955,35857,1030545334,648495959,0,252608325
4614,61,777177650,15180106,35175,382018914,272248078,0,107920700
4615,29,330563436,1050027,34206,1030545334,757248804,0,920532783
4640,97,777177650,8113817,35063,527479233,1009828457,0,415386065
4641,134,330563436,9848521,33987,483467692,744964893,0,418321684
4642,148,330563436,11753787,34755,382018914,27515260,0,637552771
4643,67,777177650,5241419,34878,919150108,585204012,0,397942472
4644,94,777177650,8590170,35810,527479233,2096187,0,989680549
4645,44,330563436,23101222,34595,382018914,123505956,0,812702169
4646,83,777177650,12463719,35232,382018914,438269206,0,535061267
4647,28,330563436,11095836,34466,1030545334,25112286,0,1033702389
4672,79,777177650,19959371,35008,382018914,403518783,0,885998146
4673,82,777177650,5809475,35288,483467692,426642468,0,219374234
4674,37,330563436,11541137,34441,382018914,1009930724,0,233467272
4675,86,330563436,6881708,34296,483467692,51995382,0,377115518
4676,14,777177650,18202595,34941,919150108,43049297,0,218439551
4677,40,777177650,2566187,35845,1030545334,18848952,0,1071159008
4678,88,777177650,13175207,36007,483467692,550533009,0,944997201
4679,88,330563436,721159,33987,919150108,492146787,0,708214423
4704,2,777177650,6387314,35291,483467692,574398530,0,1037915456
4705,98,330563436,17334009,33683,483467692,960245413,0,135579899
4706,25,330563436,10170952,33965,483467692,1050271488,0,226219148
4707,91,330563436,6105210,34755,919150108,164101677,0,397732202
4708,85,330563436,5699836,34606,382018914,241791762,0,946987105
4709,26,777177650,4990357,35070,1030545334,317301456,0,202639790
4710,100,330563436,8896668,34674,483467692,126772174,0,222706543
4711,142,777177650,12954656,35919,382018914,644523916,0,376368331
4736,139,777177650,6757273,35021,919150108,49635954,0,947883772
4737,79,330563436,6201451,34037,483467692,421211526,0,231678732
4738,5,330563436,14946662,33700,919150108,768212062,0,287507532
4739,148,330563436,6825582,34019,527479233,151476396,0,844470469
4740,68,777177650,4257940,35249,919150108,845880147,0,31093000
4741,127,330563436,18069290,33790,483467692,410623548,0,189927778
4742,64,836745293,15535679,34779,1030545334,921226874,0,801485298
4743,97,330563436,6570239,34057,527479233,752870490,0,433399194
4768,136,330563436,482055,34293,919150108,765901852,0,539526747
4769,121,836745293,13676503,34801,483467692,518073688,0,319831628
4770,59,777177650,7215067,34868,919150108,1029675538,0,50928749
4771,95,330563436,4962521,33950,382018914,600901946,0,801137722
4772,28,330563436,6410293,34589,382018914,362043640,0,244185833
4773,122,777177650,19608026,35054,382018914,275382686,0,406584704
4774,52,330563436,12438073,34077,1030545334,155972164,0,354331580
4775,128,777177650,11244442,34922,483467692,157609168,0,627009364
4800,37,330563436,9179513,33607,527479233,867438042,0,37394190
4801,88,777177650,10835308,35087,382018914,936066263,0,30008881
4802,130,777177650,597865,35451,1030545334,77732292,0,1021285845
4803,124,777177650,15877668,35101,527479233,945581277,0,425731469
4804,37,330563436,11154731,33629,919150108,733270419,0,851499844
4805,16,330563436,17210296,33717,483467692,212136680,0,85282878
4806,7,330563436,3539015,34078,527479233,867438042,0,886235873
4807,53,777177650,13890223,35437,1030545334,1040323467,0,520650630
4832,34,777177650,8495479,35766,1030545334,24636074,0,582985418
4833,133,777177650,8480044,35195,1030545334,574398530,0,603899658
4834,19,777177650,12453900,35318,919150108,954447725,0,618821549
4835,146,330563436,7085750,34630,382018914,666343547,0,405219615
4836,65,777177650,7871139,35415,382018914,894068361,0,128498040
4837,130,777177650,6851984,35907,483467692,653821621,0,501918605
4838,44,330563436,6181133,33816,382018914,94998405,0,831605898
4839,25,330563436,7124163,34462,382018914,29894176,0,918250196
4864,88,330563436,14961434,33917,527479233,465403415,0,550291450
4865,85,777177650,16211346,35586,1030545334,575772390,0,970314666
4866,53,777177650,2576707,35647,919150108,129378495,0,377140965
4867,10,330563436,974103,33743,382018914,186573168,0,254065080
4868,76,777177650,15900535,35489,527479233,340105228,0,606770132
4869,58,330563436,17542213,34601,527479233,1228602,0,937183071
4870,103,330563436,9453407,34550,1030545334,719731158,0,458226757
4871,46,777177650,12963699,34860,382018914,560258212,0,1002741576
4896,85,330563436,9320635,33836,382018914,546139338,0,36922661
4897,80,330563436,11568885,33862,527479233,863348216,0,511340770
4898,14,330563436,4057264,34524,483467692,46236452,0,367676851
4899,61,330563436,1229183,34258,483467692,846915311,0,12556172
4900,137,330563436,22132076,33783,483467692,308377516,0,236720053
4901,79,777177650,14629828,35793,483467692,416383800,0,862019512
4902,139,777177650,2601120,35978,1030545334,541513787,0,702987601
4903,92,330563436,3436362,33683,483467692,684071850,0,83431307
4928,4,330563436,5993142,34244,483467692,238293809,0,253987702
4929,149,777177650,13518732,35122,1030545334,1070834709,0,391973620
4930,149,330563436,17686734,34458,527479233,566190243,0,748750203
4931,50,330563436,11575913,34653,382018914,191596498,0,320174131
4932,122,330563436,4292707,34189,382018914,930660809,0,152197746
4933,94,777177650,4294582,34892,1030545334,813240836,0,173473609
4934,40,777177650,18047816,35476,382018914,339692785,0,428848081
4935,40,330563436,16208829,34112,483467692,670242006,0,160871091
4960,124,330563436,15325941,34754,527479233,57257681,0,578710003
4961,58,777177650,8922424,35889,1030545334,255557624,0,50059227
4962,104,330563436,4478132,34176,1030545334,837855014,0,922140863
4963,34,777177650,5417535,35374,1030545334,595180046,0,693859324
4964,101,777177650,20416310,35637,483467692,607601416,0,77171133
4965,52,330563436,11062682,34261,527479233,404933390,0,1054260605
4966,70,777177650,5918602,35313,919150108,354724747,0,21636823
4967,98,777177650,10381427,35476,1030545334,161751038,0,340865960
4992,62,330563436,20390480,33732,382018914,1039152366,0,1010561076
4993,13,330563436,14573019,34548,483467692,505055749,0,76832651
4994,43,777177650,21607176,35243,483467692,919478620,0,783947853
4995,40,777177650,18965176,35068,483467692,272570778,0,995789907
4996,133,330563436,10075067,33859,1030545334,733807844,0,1049276054
4997,47,777177650,12261105,35870,527479233,282731791,0,896442986
4998,32,330563436,12909680,33612,483467692,1058664649,0,554222674
4999,85,330563436,9864317,34144,919150108,856407972,0,246263474
5024,124,777177650,11612769,35361,1030545334,143047463,0,852180629
5025,121,777177650,2009943,35462,527479233,866625499,0,76319232
5026,28,777177650,1319778,35677,382018914,780887738,0,444644953
5027,148,777177650,18134656,35670,919150108,602978792,0,788594012
5028,13,330563436,3075569,33709,919150108,872565884,0,870673647
5029,11,330563436,1981168,33920,1030545334,66799206,0,935056653
5030,106,777177650,7178123,35938,483467692,798568506,0,319862424
5031,139,330563436,9143859,34668,1030545334,390641453,0,98934131
5056,52,777177650,6225818,35474,527479233,1060934244,0,5538586
5057,64,777177650,7616441,35643,382018914,780887738,0,305693523
5058,119,777177650,1703100,35875,382018914,1064564625,0,1003690682
5059,43,330563436,6717382,34281,919150108,921226874,0,458907698
5060,112,330563436,6521847,33790,483467692,207034770,0,1037334363
5061,101,330563436,5219052,34193,382018914,1069113874,0,734053156
5062,61,330563436,10924700,33883,1030545334,19909882,0,1021280133
5063,23,777177650,9875357,35565,919150108,289965604,0,865188257
5088,130,330563436,10161644,33973,527479233,906486969,0,179543204
5089,130,330563436,10924654,33812,382018914,180687368,0,467925075
5090,89,777177650,13283849,35496,382018914,952710790,0,1068894298
5091,148,777177650,4785206,35934,1030545334,512287034,0,538348873
5092,22,777177650,19583496,35000,527479233,390078637,0,1044098991
5093,79,330563436,19069392,34213,1030545334,1228602,0,562257908
5094,106,330563436,7489208,34055,483467692,987651998,0,40817382
5095,97,330563436,18458399,33714,919150108,347516643,0,778295778
5120,16,777177650,2800773,35219,382018914,532998809,0,892773418
5121,133,330563436,15033457,33733,483467692,663478748,0,908691321
5122,70,777177650,7986384,35103,527479233,439497398,0,425578890
5123,10,777177650,1185045,35834,382018914,974731986,0,247430465
5124,25,777177650,15917079,35522,483467692,772305667,0,114553453
5125,28,777177650,3806528,35831,527479233,931332952,0,492605587
5126,112,330563436,9212332,33887,483467692,31715955,0,423767199
5127,73,777177650,4802499,35443,527479233,184976095,0,869821717
5152,44,777177650,6056834,35432,1030545334,474033653,0,124200387
5153,113,777177650,19383228,34935,382018914,219237889,0,775583444
5154,8,777177650,2807086,35531,1030545334,323232623,0,998532141
5155,77,330563436,7018328,34495,919150108,356031414,0,594390663
5156,125,777177650,5943944,35371,527479233,793968446,0,554294174
5157,142,777177650,16705634,35615,483467692,916219907,0,201286681
5158,76,777177650,24028495,35449,382018914,648495959,0,117648034
5159,106,777177650,14754326,35331,382018914,439528400,0,38432502
5184,85,777177650,20915548,35994,527479233,666343547,0,770463208
5185,148,777177650,20617968,35634,1030545334,799892158,0,743856280
5186,52,777177650,20889263,35278,382018914,532998809,0,5875578
5187,55,777177650,4638069,35625,1030545334,410372609,0,514666674
5188,140,836745293,6626886,34758,483467692,653909718,0,223640442
5189,71,330563436,18417231,34297,527479233,743070561,0,754538806
5190,58,330563436,8968431,33718,527479233,45133974,0,400559122
5191,77,330563436,11991004,34677,483467692,1141672,0,377894137
5216,59,777177650,1676395,35654,1030545334,575772390,0,690648165
5217,35,777177650,13574557,34983,919150108,323230386,0,961935366
5218,82,330563436,7388237,33813,483467692,537596793,0,272568355
5219,88,777177650,2126772,35486,382018914,411115736,0,484078621
5220,10,330563436,2484439,33813,919150108,991252487,0,214710727
5221,13,777177650,7196810,34857,483467692,107090275,0,273015745
5222,80,330563436,105115,34479,483467692,804723159,0,302085666
5223,149,330563436,10556121,34513,382018914,289965604,0,782088887
5248,70,836745293,8695828,34802,919150108,62780738,0,986775689
5249,103,330563436,12358603,34581,1030545334,574407843,0,929544366
5250,97,777177650,2967373,34894,919150108,253109335,0,768086435
5251,34,777177650,3400448,34799,1030545334,325853957,0,457798458
5252,91,777177650,17314537,35110,382018914,986794645,0,785944724
5253,148,836745293,10836146,34798,919150108,421211526,0,754272443
5254,112,330563436,19698909,33809,483467692,643269047,0,1055556788
5255,64,777177650,7507407,35256,527479233,947630432,0,912325945
5280,34,777177650,6805270,35765,1030545334,355844317,0,1021854530
5281,124,777177650,17941831,35003,919150108,483682045,0,84197045
5282,50,777177650,9444669,35823,382018914,120213751,0,502120684
5283,131,330563436,1859466,34487,1030545334,155599602,0,351053303
5284,61,777177650,4054899,34887,483467692,37386955,0,1060519429
5285,70,330563436,9937751,34350,919150108,837605017,0,776843820
5286,116,777177650,7964689,35697,527479233,551218827,0,69233421
5287,25,330563436,3004595,34323,527479233,987651998,0,60114048
5312,65,330563436,6669795,34752,919150108,430691860,0,486946221
5313,13,777177650,15987044,35596,483467692,917925412,0,71689927
5314,34,777177650,2699983,34850,919150108,1000676156,0,1022044749
5315,139,330563436,5555497,33904,483467692,382135347,0,870298963
5316,100,330563436,6231661,34363,382018914,126772174,0,662943665
5317,37,330563436,22800251,34584,527479233,325853957,0,337142725
5318,59,330563436,10693519,34061,919150108,129378495,0,603649378
5319,98,777177650,6861928,35083,382018914,774665832,0,247671477
5344,109,777177650,8821632,35965,1030545334,94998405,0,763825892
5345,31,777177650,11192456,35664,382018914,749041001,0,995930205
5346,37,330563436,14953620,34327,919150108,332885810,0,32086047
5347,49,330563436,17302471,34750,1030545334,872565884,0,414401336
5348,53,777177650,11916496,35740,527479233,660150212,0,906554532
5349,67,777177650,3803883,35307,382018914,173315518,0,662397306
5350,76,330563436,11341703,34250,527479233,355844317,0,539768268
5351,122,777177650,7679925,35924,382018914,341450815,0,736870343
5376,149,330563436,9842283,34517,527479233,186917638,0,2265920
5377,64,777177650,11772837,35542,919150108,910382867,0,263765706
5378,43,330563436,10189993,33900,382018914,246673079,0,147670863
5379,89,777177650,4701015,34917,919150108,16217384,0,399452497
5380,148,777177650,12301483,35713,382018914,766994113,0,379730262
5381,32,330563436,22399546,33996,527479233,560258212,0,849662612
5382,35,330563436,13842303,33614,527479233,972070541,0,305836849
5383,31,777177650,1147495,34843,527479233,778902010,0,271581004
5408,23,330563436,12347705,33804,527479233,1065312030,0,90751665
5409,13,330563436,14504038,33610,527479233,28420584,0,233722095
5410,22,777177650,13910417,36002,483467692,793968446,0,587146740
5411,61,777177650,6254127,35564,1030545334,321496747,0,935983844
5412,142,777177650,10997971,35813,919150108,609708779,0,563536017
5413,94,777177650,22438257,35718,382018914,469996927,0,28891954
5414,100,330563436,16701739,34051,483467692,914655609,0,176612441
5415,23,330563436,17686483,33819,1030545334,798103233,0,895682639
5440,130,777177650,322317,35440,382018914,1064137039,0,330060606
5441,41,330563436,13189104,34534,483467692,283718059,0,826664238
5442,43,777177650,13933294,35806,483467692,219237889,0,879830273
5443,131,777177650,12495079,35346,483467692,415568494,0,858994372
5444,130,836745293,17290801,34774,382018914,180687368,0,1023868846
5445,115,330563436,11499063,34174,527479233,109207948,0,37659260
5446,7,330563436,2992080,34504,527479233,469382838,0,500643347
5447,13,777177650,2902984,35138,1030545334,324959221,0,608187717
5472,70,330563436,22163683,34068,527479233,922232379,0,22498987
5473,65,330563436,6304133,33686,483467692,794698923,0,807821202
5474,55,330563436,13107951,33754,483467692,271136853,0,405874212
5475,139,777177650,1064548,35251,527479233,541490321,0,454373110
5476,91,777177650,2690638,35738,382018914,922389215,0,86865591
5477,107,777177650,13012564,35792,527479233,916219907,0,996274006
5478,116,777177650,9750223,35200,382018914,821795177,0,375035929
5479,70,330563436,7055345,34323,1030545334,127137473,0,587574286
5504,19,330563436,4149225,33973,919150108,393029189,0,721526003
5505,95,777177650,14732951,35705,527479233,138236881,0,975886177
5506,91,330563436,841331,34279,382018914,585204012,0,693152957
5507,2,777177650,14036370,35941,527479233,422668600,0,846522410
5508,56,777177650,380805,35235,382018914,851285018,0,820809079
5509,80,330563436,13533596,34430,527479233,107545465,0,172809960
5510,37,330563436,12694881,33975,1030545334,705695505,0,112116039
5511,79,330563436,15108996,34665,382018914,715267408,0,641980963
5536,116,777177650,10819656,35868,483467692,891548663,0,957874578
5537,118,777177650,10220720,35339,1030545334,719394013,0,639854098
5538,139,330563436,9098128,34326,382018914,734331529,0,363530581
5539,119,330563436,3939760,34544,527479233,303031109,0,463851470
5540,130,777177650,9070758,35348,483467692,200049683,0,1057082581
5541,143,777177650,3752668,35701,1030545334,257723852,0,317858353
5542,49,777177650,640241,35173,483467692,245344717,0,334659076
5543,115,330563436,11820153,34235,1030545334,642399054,0,582523672
5568,31,777177650,10542109,34855,1030545334,121362185,0,254560978
5569,109,330563436,12611332,34087,483467692,456308506,0,965822891
5570,112,777177650,7856755,35287,919150108,256080466,0,707054685
5571,103,330563436,7924835,33955,483467692,863348216,0,266607841
5572,8,330563436,18296639,34530,919150108,951957401,0,122696672
5573,37,777177650,15847937,35290,1030545334,155684711,0,155706108
5574,28,330563436,12980303,33671,483467692,847018612,0,251977576
5575,103,777177650,5183994,34902,527479233,889717204,0,917303575
5600,95,777177650,5364935,35467,483467692,574407843,0,77236785
5601,11,330563436,11857079,33607,919150108,862251529,0,393305622
5602,130,777177650,6797949,35639,1030545334,404866618,0,247228094
5603,71,330563436,14510047,33773,483467692,770727120,0,53774622
5604,46,777177650,9898751,35897,483467692,394987123,0,593832015
5605,35,777177650,17289984,35297,919150108,649013128,0,831780459
5606,149,777177650,21995908,35379,527479233,995567911,0,324349918
5607,92,330563436,2466006,33602,483467692,495484745,0,225980393
5632,79,777177650,8950311,35098,382018914,355372531,0,185723514
5633,79,777177650,20711983,35944,1030545334,46236452,0,143968652
5634,68,777177650,9949467,35275,1030545334,362533241,0,768548225
5635,70,330563436,19221786,33830,1030545334,126772174,0,686253690
5636,122,330563436,14335075,34744,1030545334,395389727,0,186265716
5637,103,777177650,12877690,35231,1030545334,140004888,0,931521633
5638,109,330563436,7919777,34349,382018914,268388795,0,449369828
5639,145,330563436,966945,34485,1030545334,792295120,0,930313902
5664,119,777177650,18621581,35997,919150108,281548201,0,830708747
5665,100,330563436,12982109,34146,483467692,71341393,0,380055623
5666,14,330563436,12166368,34365,919150108,858942835,0,631856353
5667,44,777177650,3730125,34919,382018914,1007903575,0,840499857
5668,109,330563436,1367932,34778,483467692,652618348,0,257654417
5669,74,777177650,11315630,35189,382018914,381624390,0,144493986
5670,7,330563436,10142961,34078,527479233,465385449,0,35243081
5671,43,777177650,17664754,35830,919150108,371195830,0,88279610
5696,142,836745293,19872330,34821,382018914,86425258,0,59589189
5697,55,330563436,9917769,33880,382018914,917151749,0,809936511
5698,95,330563436,15493643,34473,1030545334,303226175,0,566225673
5699,142,330563436,22631491,33813,527479233,512287034,0,512858468
5700,143,777177650,7990117,35787,382018914,217522055,0,591984716
5701,43,777177650,1668918,35466,527479233,90557431,0,765720178
5702,97,330563436,15302428,34217,483467692,695909384,0,992206400
5703,121,330563436,181628,34103,1030545334,6778098,0,992967570
5728,80,330563436,8539704,34677,483467692,1062509000,0,783821696
5729,44,330563436,8808033,34615,919150108,1067782492,0,217196582
5730,11,777177650,1093484,35780,382018914,74193575,0,867226937
5731,8,777177650,5782337,35565,527479233,46236452,0,599033096
5732,37,777177650,2833042,35643,382018914,779038413,0,76704745
5733,101,330563436,3854597,34043,919150108,323230386,0,887106554
5734,94,777177650,4586094,35713,1030545334,943816672,0,301825653
5735,40,330563436,3935851,34677,1030545334,921466586,0,1054011357
5760,25,330563436,5940477,34477,483467692,715120063,0,294602975
5761,16,777177650,13034590,35980,1030545334,1052364112,0,447953482
5762,49,777177650,16501932,35473,382018914,58568181,0,354008491
5763,8,777177650,14083810,35970,483467692,410356764,0,213667718
5764,131,330563436,5321295,34243,483467692,476829975,0,428492615
5765,52,330563436,24990042,34681,527479233,596520665,0,684023688
5766,49,330563436,4794051,34237,527479233,413797471,0,946488398
5767,118,330563436,13564387,33721,919150108,1023245979,0,1004301993
5792,26,330563436,15899189,34061,919150108,255557624,0,809160397
5793,37,777177650,11988747,35622,919150108,660397547,0,629415849
5794,8,330563436,12282378,34062,527479233,75052175,0,30977034
5795,37,330563436,3551444,33727,919150108,459617715,0,223784763
5796,149,777177650,2328061,35085,1030545334,965207098,0,856202514
5797,122,777177650,1531361,35716,483467692,66568625,0,635074887
5798,106,777177650,12501192,35882,527479233,292100860,0,345715217
5799,26,777177650,7138121,34912,382018914,39526833,0,119268159
5824,56,777177650,16910785,35400,919150108,28420584,0,637395452
5825,61,330563436,2302062,34749,527479233,304902292,0,245275067
5826,22,777177650,2111986,35957,382018914,146069187,0,930389921
5827,31,777177650,13729771,35997,1030545334,302893045,0,530381588
5828,127,330563436,6217234,34397,527479233,597252398,0,23560749
5829,125,777177650,18373456,35439,382018914,558101883,0,962693487
5830,85,330563436,2822357,34051,1030545334,263387417,0,541109424
5831,139,777177650,11350519,35384,527479233,400693438,0,793086772
5856,37,330563436,7146049,34642,919150108,474924713,0,351520626
5857,124,777177650,15834531,35738,483467692,964954088,0,480155986
5858,64,330563436,18132050,33797,483467692,202807751,0,887359390
5859,5,777177650,21064396,35541,382018914,371048425,0,1009344695
5860,13,330563436,949528,33652,483467692,562435106,0,523328535
5861,139,777177650,4145019,35528,1030545334,496615677,0,759237652
5862,64,777177650,3055090,35479,382018914,822328137,0,549452032
5863,65,330563436,6794153,34293,1030545334,901187979,0,634094916
5888,46,777177650,6716719,35334,1030545334,272570778,0,896577888
5889,22,777177650,1541757,34840,527479233,430691860,0,598685843
5890,49,330563436,4116224,33910,919150108,837142724,0,948358766
5891,46,330563436,4176000,33965,1030545334,484550228,0,718490667
5892,101,836745293,9234077,34826,527479233,638918187,0,935482443
5893,2,330563436,4477763,33791,483467692,552523129,0,322126987
5894,71,330563436,7037731,34557,919150108,974731986,0,988720564
5895,64,777177650,20141983,35429,483467692,876635424,0,947747947
5920,119,330563436,14276726,34656,919150108,847126847,0,761546365
5921,58,330563436,15294000,34429,527479233,350946653,0,146198047
5922,143,777177650,14249499,35381,527479233,867438042,0,682436373
5923,101,777177650,15796826,35575,919150108,469382838,0,461027114
5924,31,777177650,10682397,34980,1030545334,733807844,0,902695784
5925,146,777177650,24258887,35014,527479233,73220938,0,1041933023
5926,76,330563436,10577053,34472,527479233,470228220,0,180945017
5927,116,777177650,8498390,35668,483467692,1045303502,0,572719219
5952,148,777177650,12862499,35532,1030545334,804243021,0,787726415
5953,7,330563436,9531281,33689,382018914,557583961,0,506999394
5954,28,330563436,16726234,33939,382018914,121233463,0,659243864
5955,94,836745293,6794438,34783,527479233,715109086,0,708568451
5956,22,777177650,11803654,35931,382018914,526678644,0,508519909
5957,89,330563436,23094945,34328,919150108,1034037627,0,313609076
5958,115,777177650,14506041,34956,1030545334,747406724,0,818579570
5959,23,330563436,19551526,33737,1030545334,211727022,0,173025497
5984,70,330563436,8341330,34501,527479233,748131402,0,380301218
5985,143,330563436,394273,34709,1030545334,153081694,0,586049467
5986,115,330563436,9218780,33714,919150108,850958981,0,294784813
5987,64,777177650,9895682,35278,382018914,84541416,0,772668050
5988,31,330563436,4165551,34293,483467692,800075590,0,809450395
